Video_name;Trial_time ;Mouseline;Rat_ID;Genotype;Genotype_class;SFARI_gene;
CDKL5_OLR_Probe_CD21;Test;CDKL5;CD21;CDKL5_KO;TG;CDKL5;https://gene.sfari.org/database/human-gene/CDKL5
CDKL5_OLR_Probe_CD23;Test;CDKL5;CD23;CDKL5_KO;TG;CDKL5;https://gene.sfari.org/database/human-gene/CDKL5
CDKL5_OLR_Probe_CD24;Test;CDKL5;CD24;CDKL5_WT;WT;CDKL5;https://gene.sfari.org/database/human-gene/CDKL5
CDKL5_OLR_Probe_CD25;Test;CDKL5;CD25;CDKL5_WT;WT;CDKL5;https://gene.sfari.org/database/human-gene/CDKL5
CDKL5_OLR_Probe_CD26;Test;CDKL5;CD26;CDKL5_KO;TG;CDKL5;https://gene.sfari.org/database/human-gene/CDKL5
CDKL5_OLR_Probe_CD27;Test;CDKL5;CD27;CDKL5_KO;TG;CDKL5;https://gene.sfari.org/database/human-gene/CDKL5
CDKL5_OLR_Probe_CD5;Test;CDKL5;CD5;CDKL5_WT;WT;CDKL5;https://gene.sfari.org/database/human-gene/CDKL5
CDKL5_OLR_SS1_CKL210;Sample1;CDKL5;CKL210;CDKL5_WT;WT;CDKL5;https://gene.sfari.org/database/human-gene/CDKL5
CDKL5_OLR_SS1_CKL212;Sample1;CDKL5;CKL212;CDKL5_WT;WT;CDKL5;https://gene.sfari.org/database/human-gene/CDKL5
CDKL5_OLR_SS1_CKL215;Sample1;CDKL5;CKL215;CDKL5_KO;TG;CDKL5;https://gene.sfari.org/database/human-gene/CDKL5
CDKL5_OLR_SS1_CKL216;Sample1;CDKL5;CKL216;CDKL5_KO;TG;CDKL5;https://gene.sfari.org/database/human-gene/CDKL5
CDKL5_OLR_SS2_CKL210;Sample2;CDKL5;CKL210;CDKL5_WT;WT;CDKL5;https://gene.sfari.org/database/human-gene/CDKL5
CDKL5_OLR_SS2_CKL212;Sample2;CDKL5;CKL212;CDKL5_WT;WT;CDKL5;https://gene.sfari.org/database/human-gene/CDKL5
CDKL5_OLR_SS2_CKL215;Sample2;CDKL5;CKL215;CDKL5_KO;TG;CDKL5;https://gene.sfari.org/database/human-gene/CDKL5
CDKL5_OLR_SS2_CKL216;Sample2;CDKL5;CKL216;CDKL5_KO;TG;CDKL5;https://gene.sfari.org/database/human-gene/CDKL5
CDKL5_OLR_SS3_CKL210;Sample3;CDKL5;CKL210;CDKL5_WT;WT;CDKL5;https://gene.sfari.org/database/human-gene/CDKL5
CDKL5_OLR_SS3_CKL212;Sample3;CDKL5;CKL212;CDKL5_WT;WT;CDKL5;https://gene.sfari.org/database/human-gene/CDKL5
CDKL5_OLR_SS3_CKL215;Sample3;CDKL5;CKL215;CDKL5_KO;TG;CDKL5;https://gene.sfari.org/database/human-gene/CDKL5
CDKL5_OLR_SS3_CKL216;Sample3;CDKL5;CKL216;CDKL5_KO;TG;CDKL5;https://gene.sfari.org/database/human-gene/CDKL5
CDKL5_OLR_SS_D1_CD21;Sample1;CDKL5;CD21;CDKL5_KO;TG;CDKL5;https://gene.sfari.org/database/human-gene/CDKL5
CDKL5_OLR_SS_D1_CD23;Sample1;CDKL5;CD23;CDKL5_KO;TG;CDKL5;https://gene.sfari.org/database/human-gene/CDKL5
CDKL5_OLR_SS_D1_CD24;Sample1;CDKL5;CD24;CDKL5_WT;WT;CDKL5;https://gene.sfari.org/database/human-gene/CDKL5
CDKL5_OLR_SS_D1_CD25;Sample1;CDKL5;CD25;CDKL5_WT;WT;CDKL5;https://gene.sfari.org/database/human-gene/CDKL5
CDKL5_OLR_SS_D1_CD26;Sample1;CDKL5;CD26;CDKL5_KO;TG;CDKL5;https://gene.sfari.org/database/human-gene/CDKL5
CDKL5_OLR_SS_D1_CD27;Sample1;CDKL5;CD27;CDKL5_KO;TG;CDKL5;https://gene.sfari.org/database/human-gene/CDKL5
CDKL5_OLR_SS_D1_CD5;Sample1;CDKL5;CD5;CDKL5_WT;WT;CDKL5;https://gene.sfari.org/database/human-gene/CDKL5
CDKL5_OLR_SS_D2_CD21;Sample2;CDKL5;CD21;CDKL5_KO;TG;CDKL5;https://gene.sfari.org/database/human-gene/CDKL5
CDKL5_OLR_SS_D2_CD23;Sample2;CDKL5;CD23;CDKL5_KO;TG;CDKL5;https://gene.sfari.org/database/human-gene/CDKL5
CDKL5_OLR_SS_D2_CD24;Sample2;CDKL5;CD24;CDKL5_WT;WT;CDKL5;https://gene.sfari.org/database/human-gene/CDKL5
CDKL5_OLR_SS_D2_CD25;Sample2;CDKL5;CD25;CDKL5_WT;WT;CDKL5;https://gene.sfari.org/database/human-gene/CDKL5
CDKL5_OLR_SS_D2_CD26;Sample2;CDKL5;CD26;CDKL5_KO;TG;CDKL5;https://gene.sfari.org/database/human-gene/CDKL5
CDKL5_OLR_SS_D2_CD27;Sample2;CDKL5;CD27;CDKL5_KO;TG;CDKL5;https://gene.sfari.org/database/human-gene/CDKL5
CDKL5_OLR_SS_D2_CD5;Sample2;CDKL5;CD5;CDKL5_WT;WT;CDKL5;https://gene.sfari.org/database/human-gene/CDKL5
CDKL5_OLR_SS_D3_CD21;Sample3;CDKL5;CD21;CDKL5_KO;TG;CDKL5;https://gene.sfari.org/database/human-gene/CDKL5
CDKL5_OLR_SS_D3_CD23;Sample3;CDKL5;CD23;CDKL5_KO;TG;CDKL5;https://gene.sfari.org/database/human-gene/CDKL5
CDKL5_OLR_SS_D3_CD24;Sample3;CDKL5;CD24;CDKL5_WT;WT;CDKL5;https://gene.sfari.org/database/human-gene/CDKL5
CDKL5_OLR_SS_D3_CD25;Sample3;CDKL5;CD25;CDKL5_WT;WT;CDKL5;https://gene.sfari.org/database/human-gene/CDKL5
CDKL5_OLR_SS_D3_CD26;Sample3;CDKL5;CD26;CDKL5_KO;TG;CDKL5;https://gene.sfari.org/database/human-gene/CDKL5
CDKL5_OLR_SS_D3_CD27;Sample3;CDKL5;CD27;CDKL5_KO;TG;CDKL5;https://gene.sfari.org/database/human-gene/CDKL5
CDKL5_OLR_SS_D3_CD5;Sample3;CDKL5;CD5;CDKL5_WT;WT;CDKL5;https://gene.sfari.org/database/human-gene/CDKL5
CDKL_OLR_Prob_CKL210;Test;CDKL5;CKL210;CDKL5_WT;WT;CDKL5;https://gene.sfari.org/database/human-gene/CDKL5
CDKL_OLR_Prob_CKL212;Test;CDKL5;CKL212;CDKL5_WT;WT;CDKL5;https://gene.sfari.org/database/human-gene/CDKL5
CDKL_OLR_Prob_CKL215;Test;CDKL5;CKL215;CDKL5_KO;TG;CDKL5;https://gene.sfari.org/database/human-gene/CDKL5
CDKL_OLR_Prob_CKL216;Test;CDKL5;CKL216;CDKL5_KO;TG;CDKL5;https://gene.sfari.org/database/human-gene/CDKL5
CDKL_OLR_SS1_CD1;Sample1;CDKL5;CD1;CDKL5_WT;WT;CDKL5;https://gene.sfari.org/database/human-gene/CDKL5
CDKL_OLR_SS1_CD10;Sample1;CDKL5;CD10;CDKL5_WT;WT;CDKL5;https://gene.sfari.org/database/human-gene/CDKL5
CDKL_OLR_SS1_CD2;Sample1;CDKL5;CD2;CDKL5_KO;TG;CDKL5;https://gene.sfari.org/database/human-gene/CDKL5
CDKL_OLR_SS1_CD3;Sample1;CDKL5;CD3;CDKL5_WT;WT;CDKL5;https://gene.sfari.org/database/human-gene/CDKL5
CDKL_OLR_SS1_CD6;Sample1;CDKL5;CD6;CDKL5_KO;TG;CDKL5;https://gene.sfari.org/database/human-gene/CDKL5
CDKL_OLR_SS1_CD7;Sample1;CDKL5;CD7;CDKL5_KO;TG;CDKL5;https://gene.sfari.org/database/human-gene/CDKL5
CDKL_OLR_SS1_CD8;Sample1;CDKL5;CD8;CDKL5_WT;WT;CDKL5;https://gene.sfari.org/database/human-gene/CDKL5
CDKL_OLR_SS1_CD9;Sample1;CDKL5;CD9;CDKL5_KO;TG;CDKL5;https://gene.sfari.org/database/human-gene/CDKL5
CDKL_P_CD1;Test;CDKL5;CD1;CDKL5_WT;WT;CDKL5;https://gene.sfari.org/database/human-gene/CDKL5
CDKL_P_CD10;Test;CDKL5;CD10;CDKL5_WT;WT;CDKL5;https://gene.sfari.org/database/human-gene/CDKL5
CDKL_P_CD2;Test;CDKL5;CD2;CDKL5_KO;TG;CDKL5;https://gene.sfari.org/database/human-gene/CDKL5
CDKL_P_CD3;Test;CDKL5;CD3;CDKL5_WT;WT;CDKL5;https://gene.sfari.org/database/human-gene/CDKL5
CDKL_P_CD6;Test;CDKL5;CD6;CDKL5_KO;TG;CDKL5;https://gene.sfari.org/database/human-gene/CDKL5
CDKL_P_CD7;Test;CDKL5;CD7;CDKL5_KO;TG;CDKL5;https://gene.sfari.org/database/human-gene/CDKL5
CDKL_P_CD8;Test;CDKL5;CD8;CDKL5_WT;WT;CDKL5;https://gene.sfari.org/database/human-gene/CDKL5
CDKL_P_CD9;Test;CDKL5;CD9;CDKL5_KO;TG;CDKL5;https://gene.sfari.org/database/human-gene/CDKL5
CDKL_SS2_CD1;Sample2;CDKL5;CD1;CDKL5_WT;WT;CDKL5;https://gene.sfari.org/database/human-gene/CDKL5
CDKL_SS2_CD10;Sample2;CDKL5;CD10;CDKL5_WT;WT;CDKL5;https://gene.sfari.org/database/human-gene/CDKL5
CDKL_SS2_CD2;Sample2;CDKL5;CD2;CDKL5_KO;TG;CDKL5;https://gene.sfari.org/database/human-gene/CDKL5
CDKL_SS2_CD3;Sample2;CDKL5;CD3;CDKL5_WT;WT;CDKL5;https://gene.sfari.org/database/human-gene/CDKL5
CDKL_SS2_CD6;Sample2;CDKL5;CD6;CDKL5_KO;TG;CDKL5;https://gene.sfari.org/database/human-gene/CDKL5
CDKL_SS2_CD7;Sample2;CDKL5;CD7;CDKL5_KO;TG;CDKL5;https://gene.sfari.org/database/human-gene/CDKL5
CDKL_SS2_CD8;Sample2;CDKL5;CD8;CDKL5_WT;WT;CDKL5;https://gene.sfari.org/database/human-gene/CDKL5
CDKL_SS2_CD9;Sample2;CDKL5;CD9;CDKL5_KO;TG;CDKL5;https://gene.sfari.org/database/human-gene/CDKL5
CDKL_SS3_CD1;Sample3;CDKL5;CD1;CDKL5_WT;WT;CDKL5;https://gene.sfari.org/database/human-gene/CDKL5
CDKL_SS3_CD10;Sample3;CDKL5;CD10;CDKL5_WT;WT;CDKL5;https://gene.sfari.org/database/human-gene/CDKL5
CDKL_SS3_CD2;Sample3;CDKL5;CD2;CDKL5_KO;TG;CDKL5;https://gene.sfari.org/database/human-gene/CDKL5
CDKL_SS3_CD3;Sample3;CDKL5;CD3;CDKL5_WT;WT;CDKL5;https://gene.sfari.org/database/human-gene/CDKL5
CDKL_SS3_CD6;Sample3;CDKL5;CD6;CDKL5_KO;TG;CDKL5;https://gene.sfari.org/database/human-gene/CDKL5
CDKL_SS3_CD7;Sample3;CDKL5;CD7;CDKL5_KO;TG;CDKL5;https://gene.sfari.org/database/human-gene/CDKL5
CDKL_SS3_CD8;Sample3;CDKL5;CD8;CDKL5_WT;WT;CDKL5;https://gene.sfari.org/database/human-gene/CDKL5
CDKL_SS3_CD9;Sample3;CDKL5;CD9;CDKL5_KO;TG;CDKL5;https://gene.sfari.org/database/human-gene/CDKL5
DYRK_OLR_LTM_SS1_DR144;Sample1;DYRK1;DR144;DYRK1_WT;WT;DYRK1A;https://gene.sfari.org/database/human-gene/DYRK1A
DYRK_OLR_LTM_SS1_DR145;Sample1;DYRK1;DR145;DYRK1_Het;TG;DYRK1A;https://gene.sfari.org/database/human-gene/DYRK1A
DYRK_OLR_LTM_SS1_DR146;Sample1;DYRK1;DR146;DYRK1_Het;TG;DYRK1A;https://gene.sfari.org/database/human-gene/DYRK1A
DYRK_OLR_LTM_SS1_DR147;Sample1;DYRK1;DR147;DYRK1_WT;WT;DYRK1A;https://gene.sfari.org/database/human-gene/DYRK1A
DYRK_OLR_LTM_SS1_DR148;Sample1;DYRK1;DR148;DYRK1_Het;TG;DYRK1A;https://gene.sfari.org/database/human-gene/DYRK1A
DYRK_OLR_LTM_SS1_DR149;Sample1;DYRK1;DR149;DYRK1_WT;WT;DYRK1A;https://gene.sfari.org/database/human-gene/DYRK1A
DYRK_OLR_LTM_SS1_DR150;Sample1;DYRK1;DR150;DYRK1_Het;TG;DYRK1A;https://gene.sfari.org/database/human-gene/DYRK1A
DYRK_OLR_LTM_SS1_DR151;Sample1;DYRK1;DR151;DYRK1_WT;WT;DYRK1A;https://gene.sfari.org/database/human-gene/DYRK1A
DYRK_OLR_LTM_SS1_DR174;Sample1;DYRK1;DR174;DYRK1_Het;TG;DYRK1A;https://gene.sfari.org/database/human-gene/DYRK1A
DYRK_OLR_LTM_SS1_DR175;Sample1;DYRK1;DR175;DYRK1_WT;WT;DYRK1A;https://gene.sfari.org/database/human-gene/DYRK1A
DYRK_OLR_LTM_SS1_DR179;Sample1;DYRK1;DR179;DYRK1_Het;TG;DYRK1A;https://gene.sfari.org/database/human-gene/DYRK1A
DYRK_OLR_LTM_SS1_DR180;Sample1;DYRK1;DR180;DYRK1_WT;WT;DYRK1A;https://gene.sfari.org/database/human-gene/DYRK1A
DYRK_OLR_LTM_SS1_DR207;Sample1;DYRK1;DR207;DYRK1_Het;TG;DYRK1A;https://gene.sfari.org/database/human-gene/DYRK1A
DYRK_OLR_LTM_SS1_DR208;Sample1;DYRK1;DR208;DYRK1_WT;WT;DYRK1A;https://gene.sfari.org/database/human-gene/DYRK1A
DYRK_OLR_LTM_SS1_DR209;Sample1;DYRK1;DR209;DYRK1_WT;WT;DYRK1A;https://gene.sfari.org/database/human-gene/DYRK1A
DYRK_OLR_LTM_SS1_DR210;Sample1;DYRK1;DR210;DYRK1_Het;TG;DYRK1A;https://gene.sfari.org/database/human-gene/DYRK1A
DYRK_OLR_LTM_SS1_DR211;Sample1;DYRK1;DR211;DYRK1_WT;WT;DYRK1A;https://gene.sfari.org/database/human-gene/DYRK1A
DYRK_OLR_LTM_SS1_DR212;Sample1;DYRK1;DR212;DYRK1_Het;TG;DYRK1A;https://gene.sfari.org/database/human-gene/DYRK1A
DYRK_OLR_LTM_SS1_DR214;Sample1;DYRK1;DR214;DYRK1_WT;WT;DYRK1A;https://gene.sfari.org/database/human-gene/DYRK1A
DYRK_OLR_LTM_SS1_DR215;Sample1;DYRK1;DR215;DYRK1_Het;TG;DYRK1A;https://gene.sfari.org/database/human-gene/DYRK1A
DYRK_OLR_LTM_SS2_DR144;Sample2;DYRK1;DR144;DYRK1_WT;WT;DYRK1A;https://gene.sfari.org/database/human-gene/DYRK1A
DYRK_OLR_LTM_SS2_DR145;Sample2;DYRK1;DR145;DYRK1_Het;TG;DYRK1A;https://gene.sfari.org/database/human-gene/DYRK1A
DYRK_OLR_LTM_SS2_DR146;Sample2;DYRK1;DR146;DYRK1_Het;TG;DYRK1A;https://gene.sfari.org/database/human-gene/DYRK1A
DYRK_OLR_LTM_SS2_DR147;Sample2;DYRK1;DR147;DYRK1_WT;WT;DYRK1A;https://gene.sfari.org/database/human-gene/DYRK1A
DYRK_OLR_LTM_SS2_DR148;Sample2;DYRK1;DR148;DYRK1_Het;TG;DYRK1A;https://gene.sfari.org/database/human-gene/DYRK1A
DYRK_OLR_LTM_SS2_DR149;Sample2;DYRK1;DR149;DYRK1_WT;WT;DYRK1A;https://gene.sfari.org/database/human-gene/DYRK1A
DYRK_OLR_LTM_SS2_DR150;Sample2;DYRK1;DR150;DYRK1_Het;TG;DYRK1A;https://gene.sfari.org/database/human-gene/DYRK1A
DYRK_OLR_LTM_SS2_DR151;Sample2;DYRK1;DR151;DYRK1_WT;WT;DYRK1A;https://gene.sfari.org/database/human-gene/DYRK1A
DYRK_OLR_LTM_SS2_DR174;Sample2;DYRK1;DR174;DYRK1_Het;TG;DYRK1A;https://gene.sfari.org/database/human-gene/DYRK1A
DYRK_OLR_LTM_SS2_DR175;Sample2;DYRK1;DR175;DYRK1_WT;WT;DYRK1A;https://gene.sfari.org/database/human-gene/DYRK1A
DYRK_OLR_LTM_SS2_DR179;Sample2;DYRK1;DR179;DYRK1_Het;TG;DYRK1A;https://gene.sfari.org/database/human-gene/DYRK1A
DYRK_OLR_LTM_SS2_DR180;Sample2;DYRK1;DR180;DYRK1_WT;WT;DYRK1A;https://gene.sfari.org/database/human-gene/DYRK1A
DYRK_OLR_LTM_SS2_DR207;Sample2;DYRK1;DR207;DYRK1_Het;TG;DYRK1A;https://gene.sfari.org/database/human-gene/DYRK1A
DYRK_OLR_LTM_SS2_DR208;Sample2;DYRK1;DR208;DYRK1_WT;WT;DYRK1A;https://gene.sfari.org/database/human-gene/DYRK1A
DYRK_OLR_LTM_SS2_DR209;Sample2;DYRK1;DR209;DYRK1_WT;WT;DYRK1A;https://gene.sfari.org/database/human-gene/DYRK1A
DYRK_OLR_LTM_SS2_DR210;Sample2;DYRK1;DR210;DYRK1_Het;TG;DYRK1A;https://gene.sfari.org/database/human-gene/DYRK1A
DYRK_OLR_LTM_SS2_DR211;Sample2;DYRK1;DR211;DYRK1_WT;WT;DYRK1A;https://gene.sfari.org/database/human-gene/DYRK1A
DYRK_OLR_LTM_SS2_DR212;Sample2;DYRK1;DR212;DYRK1_Het;TG;DYRK1A;https://gene.sfari.org/database/human-gene/DYRK1A
DYRK_OLR_LTM_SS2_DR214;Sample2;DYRK1;DR214;DYRK1_WT;WT;DYRK1A;https://gene.sfari.org/database/human-gene/DYRK1A
DYRK_OLR_LTM_SS2_DR215;Sample2;DYRK1;DR215;DYRK1_Het;TG;DYRK1A;https://gene.sfari.org/database/human-gene/DYRK1A
DYRK_OLR_LTM_SS3_DR144;Sample3;DYRK1;DR144;DYRK1_WT;WT;DYRK1A;https://gene.sfari.org/database/human-gene/DYRK1A
DYRK_OLR_LTM_SS3_DR145;Sample3;DYRK1;DR145;DYRK1_Het;TG;DYRK1A;https://gene.sfari.org/database/human-gene/DYRK1A
DYRK_OLR_LTM_SS3_DR146;Sample3;DYRK1;DR146;DYRK1_Het;TG;DYRK1A;https://gene.sfari.org/database/human-gene/DYRK1A
DYRK_OLR_LTM_SS3_DR147;Sample3;DYRK1;DR147;DYRK1_WT;WT;DYRK1A;https://gene.sfari.org/database/human-gene/DYRK1A
DYRK_OLR_LTM_SS3_DR148;Sample3;DYRK1;DR148;DYRK1_Het;TG;DYRK1A;https://gene.sfari.org/database/human-gene/DYRK1A
DYRK_OLR_LTM_SS3_DR149;Sample3;DYRK1;DR149;DYRK1_WT;WT;DYRK1A;https://gene.sfari.org/database/human-gene/DYRK1A
DYRK_OLR_LTM_SS3_DR150;Sample3;DYRK1;DR150;DYRK1_Het;TG;DYRK1A;https://gene.sfari.org/database/human-gene/DYRK1A
DYRK_OLR_LTM_SS3_DR151;Sample3;DYRK1;DR151;DYRK1_WT;WT;DYRK1A;https://gene.sfari.org/database/human-gene/DYRK1A
DYRK_OLR_LTM_SS3_DR174;Sample3;DYRK1;DR174;DYRK1_Het;TG;DYRK1A;https://gene.sfari.org/database/human-gene/DYRK1A
DYRK_OLR_LTM_SS3_DR175;Sample3;DYRK1;DR175;DYRK1_WT;WT;DYRK1A;https://gene.sfari.org/database/human-gene/DYRK1A
DYRK_OLR_LTM_SS3_DR179;Sample3;DYRK1;DR179;DYRK1_Het;TG;DYRK1A;https://gene.sfari.org/database/human-gene/DYRK1A
DYRK_OLR_LTM_SS3_DR180;Sample3;DYRK1;DR180;DYRK1_WT;WT;DYRK1A;https://gene.sfari.org/database/human-gene/DYRK1A
DYRK_OLR_LTM_SS3_DR207;Sample3;DYRK1;DR207;DYRK1_Het;TG;DYRK1A;https://gene.sfari.org/database/human-gene/DYRK1A
DYRK_OLR_LTM_SS3_DR208;Sample3;DYRK1;DR208;DYRK1_WT;WT;DYRK1A;https://gene.sfari.org/database/human-gene/DYRK1A
DYRK_OLR_LTM_SS3_DR209;Sample3;DYRK1;DR209;DYRK1_WT;WT;DYRK1A;https://gene.sfari.org/database/human-gene/DYRK1A
DYRK_OLR_LTM_SS3_DR210;Sample3;DYRK1;DR210;DYRK1_Het;TG;DYRK1A;https://gene.sfari.org/database/human-gene/DYRK1A
DYRK_OLR_LTM_SS3_DR211;Sample3;DYRK1;DR211;DYRK1_WT;WT;DYRK1A;https://gene.sfari.org/database/human-gene/DYRK1A
DYRK_OLR_LTM_SS3_DR212;Sample3;DYRK1;DR212;DYRK1_Het;TG;DYRK1A;https://gene.sfari.org/database/human-gene/DYRK1A
DYRK_OLR_LTM_SS3_DR214;Sample3;DYRK1;DR214;DYRK1_WT;WT;DYRK1A;https://gene.sfari.org/database/human-gene/DYRK1A
DYRK_OLR_LTM_SS3_DR215;Sample3;DYRK1;DR215;DYRK1_Het;TG;DYRK1A;https://gene.sfari.org/database/human-gene/DYRK1A
DYRK_OLR_LTM_T_DR144;Test;DYRK1;DR144;DYRK1_WT;WT;DYRK1A;https://gene.sfari.org/database/human-gene/DYRK1A
DYRK_OLR_LTM_T_DR145;Test;DYRK1;DR145;DYRK1_Het;TG;DYRK1A;https://gene.sfari.org/database/human-gene/DYRK1A
DYRK_OLR_LTM_T_DR146;Test;DYRK1;DR146;DYRK1_Het;TG;DYRK1A;https://gene.sfari.org/database/human-gene/DYRK1A
DYRK_OLR_LTM_T_DR147;Test;DYRK1;DR147;DYRK1_WT;WT;DYRK1A;https://gene.sfari.org/database/human-gene/DYRK1A
DYRK_OLR_LTM_T_DR148;Test;DYRK1;DR148;DYRK1_Het;TG;DYRK1A;https://gene.sfari.org/database/human-gene/DYRK1A
DYRK_OLR_LTM_T_DR149;Test;DYRK1;DR149;DYRK1_WT;WT;DYRK1A;https://gene.sfari.org/database/human-gene/DYRK1A
DYRK_OLR_LTM_T_DR150;Test;DYRK1;DR150;DYRK1_Het;TG;DYRK1A;https://gene.sfari.org/database/human-gene/DYRK1A
DYRK_OLR_LTM_T_DR151;Test;DYRK1;DR151;DYRK1_WT;WT;DYRK1A;https://gene.sfari.org/database/human-gene/DYRK1A
DYRK_OLR_LTM_T_DR174;Test;DYRK1;DR174;DYRK1_Het;TG;DYRK1A;https://gene.sfari.org/database/human-gene/DYRK1A
DYRK_OLR_LTM_T_DR175;Test;DYRK1;DR175;DYRK1_WT;WT;DYRK1A;https://gene.sfari.org/database/human-gene/DYRK1A
DYRK_OLR_LTM_T_DR179;Test;DYRK1;DR179;DYRK1_Het;TG;DYRK1A;https://gene.sfari.org/database/human-gene/DYRK1A
DYRK_OLR_LTM_T_DR180;Test;DYRK1;DR180;DYRK1_WT;WT;DYRK1A;https://gene.sfari.org/database/human-gene/DYRK1A
DYRK_OLR_LTM_T_DR207;Test;DYRK1;DR207;DYRK1_Het;TG;DYRK1A;https://gene.sfari.org/database/human-gene/DYRK1A
DYRK_OLR_LTM_T_DR208;Test;DYRK1;DR208;DYRK1_WT;WT;DYRK1A;https://gene.sfari.org/database/human-gene/DYRK1A
DYRK_OLR_LTM_T_DR209;Test;DYRK1;DR209;DYRK1_WT;WT;DYRK1A;https://gene.sfari.org/database/human-gene/DYRK1A
DYRK_OLR_LTM_T_DR210;Test;DYRK1;DR210;DYRK1_Het;TG;DYRK1A;https://gene.sfari.org/database/human-gene/DYRK1A
DYRK_OLR_LTM_T_DR211;Test;DYRK1;DR211;DYRK1_WT;WT;DYRK1A;https://gene.sfari.org/database/human-gene/DYRK1A
DYRK_OLR_LTM_T_DR212;Test;DYRK1;DR212;DYRK1_Het;TG;DYRK1A;https://gene.sfari.org/database/human-gene/DYRK1A
DYRK_OLR_LTM_T_DR214;Test;DYRK1;DR214;DYRK1_WT;WT;DYRK1A;https://gene.sfari.org/database/human-gene/DYRK1A
DYRK_OLR_LTM_T_DR215;Test;DYRK1;DR215;DYRK1_Het;TG;DYRK1A;https://gene.sfari.org/database/human-gene/DYRK1A
FMLE_OLR_P_FLE287;Test;FMR1_LE;FLE287;FMR1_LE_WT;WT;FMR1;https://gene.sfari.org/database/human-gene/FMR1
FMLE_OLR_P_FLE288;Test;FMR1_LE;FLE288;FMR1_LE_WT;WT;FMR1;https://gene.sfari.org/database/human-gene/FMR1
FMLE_OLR_P_FLE289;Test;FMR1_LE;FLE289;FMR1_LE_KO;TG;FMR1;https://gene.sfari.org/database/human-gene/FMR1
FMLE_OLR_P_FLE290;Test;FMR1_LE;FLE290;FMR1_LE_KO;TG;FMR1;https://gene.sfari.org/database/human-gene/FMR1
FMLE_OLR_P_FLE298;Test;FMR1_LE;FLE298;FMR1_LE_WT;WT;FMR1;https://gene.sfari.org/database/human-gene/FMR1
FMLE_OLR_P_FLE299;Test;FMR1_LE;FLE299;FMR1_LE_WT;WT;FMR1;https://gene.sfari.org/database/human-gene/FMR1
FMLE_OLR_P_FLE300;Test;FMR1_LE;FLE300;FMR1_LE_KO;TG;FMR1;https://gene.sfari.org/database/human-gene/FMR1
FMLE_OLR_P_FLE301;Test;FMR1_LE;FLE301;FMR1_LE_KO;TG;FMR1;https://gene.sfari.org/database/human-gene/FMR1
FMLE_OLR_R_FLE399;Test;FMR1_LE;FLE399;FMR1_LE_KO;TG;FMR1;https://gene.sfari.org/database/human-gene/FMR1
FMLE_OLR_S1_FLE287;Sample1;FMR1_LE;FLE287;FMR1_LE_WT;WT;FMR1;https://gene.sfari.org/database/human-gene/FMR1
FMLE_OLR_S1_FLE289;Sample1;FMR1_LE;FLE289;FMR1_LE_KO;TG;FMR1;https://gene.sfari.org/database/human-gene/FMR1
FMLE_OLR_S1_FLE290;Sample1;FMR1_LE;FLE290;FMR1_LE_KO;TG;FMR1;https://gene.sfari.org/database/human-gene/FMR1
FMLE_OLR_S1_FLE298;Sample1;FMR1_LE;FLE298;FMR1_LE_WT;WT;FMR1;https://gene.sfari.org/database/human-gene/FMR1
FMLE_OLR_S1_FLE299;Sample1;FMR1_LE;FLE299;FMR1_LE_WT;WT;FMR1;https://gene.sfari.org/database/human-gene/FMR1
FMLE_OLR_S1_FLE300;Sample1;FMR1_LE;FLE300;FMR1_LE_KO;TG;FMR1;https://gene.sfari.org/database/human-gene/FMR1
FMLE_OLR_S1_FLE301;Sample1;FMR1_LE;FLE301;FMR1_LE_KO;TG;FMR1;https://gene.sfari.org/database/human-gene/FMR1
FMLE_OLR_S2_FLE287;Sample2;FMR1_LE;FLE287;FMR1_LE_WT;WT;FMR1;https://gene.sfari.org/database/human-gene/FMR1
FMLE_OLR_S2_FLE288;Sample2;FMR1_LE;FLE288;FMR1_LE_WT;WT;FMR1;https://gene.sfari.org/database/human-gene/FMR1
FMLE_OLR_S2_FLE289;Sample2;FMR1_LE;FLE289;FMR1_LE_KO;TG;FMR1;https://gene.sfari.org/database/human-gene/FMR1
FMLE_OLR_S2_FLE290;Sample2;FMR1_LE;FLE290;FMR1_LE_KO;TG;FMR1;https://gene.sfari.org/database/human-gene/FMR1
FMLE_OLR_S2_FLE298;Sample2;FMR1_LE;FLE298;FMR1_LE_WT;WT;FMR1;https://gene.sfari.org/database/human-gene/FMR1
FMLE_OLR_S2_FLE299;Sample2;FMR1_LE;FLE299;FMR1_LE_WT;WT;FMR1;https://gene.sfari.org/database/human-gene/FMR1
FMLE_OLR_S2_FLE300;Sample2;FMR1_LE;FLE300;FMR1_LE_KO;TG;FMR1;https://gene.sfari.org/database/human-gene/FMR1
FMLE_OLR_S2_FLE301;Sample2;FMR1_LE;FLE301;FMR1_LE_KO;TG;FMR1;https://gene.sfari.org/database/human-gene/FMR1
FMLE_OLR_S3_FLE287;Sample3;FMR1_LE;FLE287;FMR1_LE_WT;WT;FMR1;https://gene.sfari.org/database/human-gene/FMR1
FMLE_OLR_S3_FLE288;Sample3;FMR1_LE;FLE288;FMR1_LE_WT;WT;FMR1;https://gene.sfari.org/database/human-gene/FMR1
FMLE_OLR_S3_FLE289;Sample3;FMR1_LE;FLE289;FMR1_LE_KO;TG;FMR1;https://gene.sfari.org/database/human-gene/FMR1
FMLE_OLR_S3_FLE290;Sample3;FMR1_LE;FLE290;FMR1_LE_KO;TG;FMR1;https://gene.sfari.org/database/human-gene/FMR1
FMLE_OLR_S3_FLE298;Sample3;FMR1_LE;FLE298;FMR1_LE_WT;WT;FMR1;https://gene.sfari.org/database/human-gene/FMR1
FMLE_OLR_S3_FLE299;Sample3;FMR1_LE;FLE299;FMR1_LE_WT;WT;FMR1;https://gene.sfari.org/database/human-gene/FMR1
FMLE_OLR_S3_FLE300;Sample3;FMR1_LE;FLE300;FMR1_LE_KO;TG;FMR1;https://gene.sfari.org/database/human-gene/FMR1
FMLE_OLR_S3_FLE301;Sample3;FMR1_LE;FLE301;FMR1_LE_KO;TG;FMR1;https://gene.sfari.org/database/human-gene/FMR1
FMLE_OLR_SS1_FLE395;Sample1;FMR1_LE;FLE395;FMR1_LE_KO;TG;FMR1;https://gene.sfari.org/database/human-gene/FMR1
FMLE_OLR_SS1_FLE396;Sample1;FMR1_LE;FLE396;FMR1_LE_WT;WT;FMR1;https://gene.sfari.org/database/human-gene/FMR1
FMLE_OLR_SS1_FLE397;Sample1;FMR1_LE;FLE397;FMR1_LE_WT;WT;FMR1;https://gene.sfari.org/database/human-gene/FMR1
FMLE_OLR_SS1_FLE398;Sample1;FMR1_LE;FLE398;FMR1_LE_WT;WT;FMR1;https://gene.sfari.org/database/human-gene/FMR1
FMLE_OLR_SS1_FLE399;Sample1;FMR1_LE;FLE399;FMR1_LE_KO;TG;FMR1;https://gene.sfari.org/database/human-gene/FMR1
FMLE_OLR_SS1_FLE400;Sample1;FMR1_LE;FLE400;FMR1_LE_WT;WT;FMR1;https://gene.sfari.org/database/human-gene/FMR1
FMLE_OLR_SS1_FLE402;Sample1;FMR1_LE;FLE402;FMR1_LE_KO;TG;FMR1;https://gene.sfari.org/database/human-gene/FMR1
FMLE_OLR_SS1_FLE406;Sample1;FMR1_LE;FLE406;FMR1_LE_KO;TG;FMR1;https://gene.sfari.org/database/human-gene/FMR1
FMLE_OLR_SS2_FLE395;Sample2;FMR1_LE;FLE395;FMR1_LE_KO;TG;FMR1;https://gene.sfari.org/database/human-gene/FMR1
FMLE_OLR_SS2_FLE396;Sample2;FMR1_LE;FLE396;FMR1_LE_WT;WT;FMR1;https://gene.sfari.org/database/human-gene/FMR1
FMLE_OLR_SS2_FLE397;Sample2;FMR1_LE;FLE397;FMR1_LE_WT;WT;FMR1;https://gene.sfari.org/database/human-gene/FMR1
FMLE_OLR_SS2_FLE398;Sample2;FMR1_LE;FLE398;FMR1_LE_WT;WT;FMR1;https://gene.sfari.org/database/human-gene/FMR1
FMLE_OLR_SS2_FLE399;Sample2;FMR1_LE;FLE399;FMR1_LE_KO;TG;FMR1;https://gene.sfari.org/database/human-gene/FMR1
FMLE_OLR_SS2_FLE400;Sample2;FMR1_LE;FLE400;FMR1_LE_WT;WT;FMR1;https://gene.sfari.org/database/human-gene/FMR1
FMLE_OLR_SS2_FLE402;Sample2;FMR1_LE;FLE402;FMR1_LE_KO;TG;FMR1;https://gene.sfari.org/database/human-gene/FMR1
FMLE_OLR_SS2_FLE406;Sample2;FMR1_LE;FLE406;FMR1_LE_KO;TG;FMR1;https://gene.sfari.org/database/human-gene/FMR1
FMLE_OLR_SS3_FLE395;Sample3;FMR1_LE;FLE395;FMR1_LE_KO;TG;FMR1;https://gene.sfari.org/database/human-gene/FMR1
FMLE_OLR_SS3_FLE396;Sample3;FMR1_LE;FLE396;FMR1_LE_WT;WT;FMR1;https://gene.sfari.org/database/human-gene/FMR1
FMLE_OLR_SS3_FLE397;Sample3;FMR1_LE;FLE397;FMR1_LE_WT;WT;FMR1;https://gene.sfari.org/database/human-gene/FMR1
FMLE_OLR_SS3_FLE398;Sample3;FMR1_LE;FLE398;FMR1_LE_WT;WT;FMR1;https://gene.sfari.org/database/human-gene/FMR1
FMLE_OLR_SS3_FLE399;Sample3;FMR1_LE;FLE399;FMR1_LE_KO;TG;FMR1;https://gene.sfari.org/database/human-gene/FMR1
FMLE_OLR_SS3_FLE400;Sample3;FMR1_LE;FLE400;FMR1_LE_WT;WT;FMR1;https://gene.sfari.org/database/human-gene/FMR1
FMLE_OLR_SS3_FLE402;Sample3;FMR1_LE;FLE402;FMR1_LE_KO;TG;FMR1;https://gene.sfari.org/database/human-gene/FMR1
FMLE_OLR_SS3_FLE406;Sample3;FMR1_LE;FLE406;FMR1_LE_KO;TG;FMR1;https://gene.sfari.org/database/human-gene/FMR1
FMLE_OLR_T_FLE395;Test;FMR1_LE;FLE395;FMR1_LE_KO;TG;FMR1;https://gene.sfari.org/database/human-gene/FMR1
FMLE_OLR_T_FLE396;Test;FMR1_LE;FLE396;FMR1_LE_WT;WT;FMR1;https://gene.sfari.org/database/human-gene/FMR1
FMLE_OLR_T_FLE397;Test;FMR1_LE;FLE397;FMR1_LE_WT;WT;FMR1;https://gene.sfari.org/database/human-gene/FMR1
FMLE_OLR_T_FLE398;Test;FMR1_LE;FLE398;FMR1_LE_WT;WT;FMR1;https://gene.sfari.org/database/human-gene/FMR1
FMLE_OLR_T_FLE400;Test;FMR1_LE;FLE400;FMR1_LE_WT;WT;FMR1;https://gene.sfari.org/database/human-gene/FMR1
FMLE_OLR_T_FLE402;Test;FMR1_LE;FLE402;FMR1_LE_KO;TG;FMR1;https://gene.sfari.org/database/human-gene/FMR1
FMLE_OLR_T_FLE406;Test;FMR1_LE;FLE406;FMR1_LE_KO;TG;FMR1;https://gene.sfari.org/database/human-gene/FMR1
FMR1LE_OLR_Prob_FLE313;Test;FMR1_LE;FLE313;FMR1_LE_KO;TG;FMR1;https://gene.sfari.org/database/human-gene/FMR1
FMR1LE_OLR_Prob_FLE314;Test;FMR1_LE;FLE314;FMR1_LE_KO;TG;FMR1;https://gene.sfari.org/database/human-gene/FMR1
FMR1LE_OLR_Prob_FLE316;Test;FMR1_LE;FLE316;FMR1_LE_WT;WT;FMR1;https://gene.sfari.org/database/human-gene/FMR1
FMR1LE_OLR_Prob_FLE322;Test;FMR1_LE;FLE322;FMR1_LE_WT;WT;FMR1;https://gene.sfari.org/database/human-gene/FMR1
FMR1LE_OLR_SS1_FLE313;Sample1;FMR1_LE;FLE313;FMR1_LE_KO;TG;FMR1;https://gene.sfari.org/database/human-gene/FMR1
FMR1LE_OLR_SS1_FLE314;Sample1;FMR1_LE;FLE314;FMR1_LE_KO;TG;FMR1;https://gene.sfari.org/database/human-gene/FMR1
FMR1LE_OLR_SS1_FLE316;Sample1;FMR1_LE;FLE316;FMR1_LE_WT;WT;FMR1;https://gene.sfari.org/database/human-gene/FMR1
FMR1LE_OLR_SS1_FLE322;Sample1;FMR1_LE;FLE322;FMR1_LE_WT;WT;FMR1;https://gene.sfari.org/database/human-gene/FMR1
FMR1LE_OLR_SS2_FLE313;Sample2;FMR1_LE;FLE313;FMR1_LE_KO;TG;FMR1;https://gene.sfari.org/database/human-gene/FMR1
FMR1LE_OLR_SS2_FLE314;Sample2;FMR1_LE;FLE314;FMR1_LE_KO;TG;FMR1;https://gene.sfari.org/database/human-gene/FMR1
FMR1LE_OLR_SS2_FLE316;Sample2;FMR1_LE;FLE316;FMR1_LE_WT;WT;FMR1;https://gene.sfari.org/database/human-gene/FMR1
FMR1LE_OLR_SS2_FLE322;Sample2;FMR1_LE;FLE322;FMR1_LE_WT;WT;FMR1;https://gene.sfari.org/database/human-gene/FMR1
FMR1LE_OLR_SS3_FLE313;Sample3;FMR1_LE;FLE313;FMR1_LE_KO;TG;FMR1;https://gene.sfari.org/database/human-gene/FMR1
FMR1LE_OLR_SS3_FLE314;Sample3;FMR1_LE;FLE314;FMR1_LE_KO;TG;FMR1;https://gene.sfari.org/database/human-gene/FMR1
FMR1LE_OLR_SS3_FLE316;Sample3;FMR1_LE;FLE316;FMR1_LE_WT;WT;FMR1;https://gene.sfari.org/database/human-gene/FMR1
FMR1LE_OLR_SS3_FLE322;Sample3;FMR1_LE;FLE322;FMR1_LE_WT;WT;FMR1;https://gene.sfari.org/database/human-gene/FMR1
GR2B_OLR_LTM_P_GR209;Test;GR2B;GR209;GR2B_Het;TG;GRIN2B;https://gene.sfari.org/database/human-gene/GRIN2B
GR2B_OLR_LTM_P_GR210;Test;GR2B;GR210;GR2B_Het;TG;GRIN2B;https://gene.sfari.org/database/human-gene/GRIN2B
GR2B_OLR_LTM_P_GR212;Test;GR2B;GR212;GR2B_WT;WT;GRIN2B;https://gene.sfari.org/database/human-gene/GRIN2B
GR2B_OLR_LTM_P_GR213;Test;GR2B;GR213;GR2B_WT;WT;GRIN2B;https://gene.sfari.org/database/human-gene/GRIN2B
GR2B_OLR_LTM_P_GR216;Test;GR2B;GR216;GR2B_WT;WT;GRIN2B;https://gene.sfari.org/database/human-gene/GRIN2B
GR2B_OLR_LTM_P_GR217;Test;GR2B;GR217;GR2B_Het;TG;GRIN2B;https://gene.sfari.org/database/human-gene/GRIN2B
GR2B_OLR_LTM_P_GR223;Test;GR2B;GR223;GR2B_Het;TG;GRIN2B;https://gene.sfari.org/database/human-gene/GRIN2B
GR2B_OLR_LTM_P_GR224;Test;GR2B;GR224;GR2B_Het;TG;GRIN2B;https://gene.sfari.org/database/human-gene/GRIN2B
GR2B_OLR_LTM_P_GR225;Test;GR2B;GR225;GR2B_WT;WT;GRIN2B;https://gene.sfari.org/database/human-gene/GRIN2B
GR2B_OLR_LTM_P_GR226;Test;GR2B;GR226;GR2B_WT;WT;GRIN2B;https://gene.sfari.org/database/human-gene/GRIN2B
GR2B_OLR_LTM_SS1_GR180;Sample1;GR2B;GR180;GR2B_WT;WT;GRIN2B;https://gene.sfari.org/database/human-gene/GRIN2B
GR2B_OLR_LTM_SS1_GR181;Sample1;GR2B;GR181;GR2B_WT;WT;GRIN2B;https://gene.sfari.org/database/human-gene/GRIN2B
GR2B_OLR_LTM_SS1_GR182;Sample1;GR2B;GR182;GR2B_Het;TG;GRIN2B;https://gene.sfari.org/database/human-gene/GRIN2B
GR2B_OLR_LTM_SS1_GR183;Sample1;GR2B;GR183;GR2B_Het;TG;GRIN2B;https://gene.sfari.org/database/human-gene/GRIN2B
GR2B_OLR_LTM_SS1_GR209;Sample1;GR2B;GR209;GR2B_Het;TG;GRIN2B;https://gene.sfari.org/database/human-gene/GRIN2B
GR2B_OLR_LTM_SS1_GR210;Sample1;GR2B;GR210;GR2B_Het;TG;GRIN2B;https://gene.sfari.org/database/human-gene/GRIN2B
GR2B_OLR_LTM_SS1_GR212;Sample1;GR2B;GR212;GR2B_WT;WT;GRIN2B;https://gene.sfari.org/database/human-gene/GRIN2B
GR2B_OLR_LTM_SS1_GR213;Sample1;GR2B;GR213;GR2B_WT;WT;GRIN2B;https://gene.sfari.org/database/human-gene/GRIN2B
GR2B_OLR_LTM_SS1_GR216;Sample1;GR2B;GR216;GR2B_WT;WT;GRIN2B;https://gene.sfari.org/database/human-gene/GRIN2B
GR2B_OLR_LTM_SS1_GR217;Sample1;GR2B;GR217;GR2B_Het;TG;GRIN2B;https://gene.sfari.org/database/human-gene/GRIN2B
GR2B_OLR_LTM_SS1_GR223;Sample1;GR2B;GR223;GR2B_Het;TG;GRIN2B;https://gene.sfari.org/database/human-gene/GRIN2B
GR2B_OLR_LTM_SS1_GR224;Sample1;GR2B;GR224;GR2B_Het;TG;GRIN2B;https://gene.sfari.org/database/human-gene/GRIN2B
GR2B_OLR_LTM_SS1_GR225;Sample1;GR2B;GR225;GR2B_WT;WT;GRIN2B;https://gene.sfari.org/database/human-gene/GRIN2B
GR2B_OLR_LTM_SS1_GR226;Sample1;GR2B;GR226;GR2B_WT;WT;GRIN2B;https://gene.sfari.org/database/human-gene/GRIN2B
GR2B_OLR_LTM_SS1_GR237;Sample1;GR2B;GR237;GR2B_Het;TG;GRIN2B;https://gene.sfari.org/database/human-gene/GRIN2B
GR2B_OLR_LTM_SS1_GR238;Sample1;GR2B;GR238;GR2B_WT;WT;GRIN2B;https://gene.sfari.org/database/human-gene/GRIN2B
GR2B_OLR_LTM_SS1_GR239;Sample1;GR2B;GR239;GR2B_Het;TG;GRIN2B;https://gene.sfari.org/database/human-gene/GRIN2B
GR2B_OLR_LTM_SS1_GR240;Sample1;GR2B;GR240;GR2B_Het;TG;GRIN2B;https://gene.sfari.org/database/human-gene/GRIN2B
GR2B_OLR_LTM_SS1_GR241;Sample1;GR2B;GR241;GR2B_WT;WT;GRIN2B;https://gene.sfari.org/database/human-gene/GRIN2B
GR2B_OLR_LTM_SS1_GR242;Sample1;GR2B;GR242;GR2B_WT;WT;GRIN2B;https://gene.sfari.org/database/human-gene/GRIN2B
GR2B_OLR_LTM_SS1_GR259;Sample1;GR2B;GR259;GR2B_WT;WT;GRIN2B;https://gene.sfari.org/database/human-gene/GRIN2B
GR2B_OLR_LTM_SS1_GR260;Sample1;GR2B;GR260;GR2B_Het;TG;GRIN2B;https://gene.sfari.org/database/human-gene/GRIN2B
GR2B_OLR_LTM_SS1_GR261;Sample1;GR2B;GR261;GR2B_WT;WT;GRIN2B;https://gene.sfari.org/database/human-gene/GRIN2B
GR2B_OLR_LTM_SS1_GR262;Sample1;GR2B;GR262;GR2B_Het;TG;GRIN2B;https://gene.sfari.org/database/human-gene/GRIN2B
GR2B_OLR_LTM_SS2_GR180;Sample2;GR2B;GR180;GR2B_WT;WT;GRIN2B;https://gene.sfari.org/database/human-gene/GRIN2B
GR2B_OLR_LTM_SS2_GR181;Sample2;GR2B;GR181;GR2B_WT;WT;GRIN2B;https://gene.sfari.org/database/human-gene/GRIN2B
GR2B_OLR_LTM_SS2_GR182;Sample2;GR2B;GR182;GR2B_Het;TG;GRIN2B;https://gene.sfari.org/database/human-gene/GRIN2B
GR2B_OLR_LTM_SS2_GR183;Sample2;GR2B;GR183;GR2B_Het;TG;GRIN2B;https://gene.sfari.org/database/human-gene/GRIN2B
GR2B_OLR_LTM_SS2_GR209;Sample2;GR2B;GR209;GR2B_Het;TG;GRIN2B;https://gene.sfari.org/database/human-gene/GRIN2B
GR2B_OLR_LTM_SS2_GR210;Sample2;GR2B;GR210;GR2B_Het;TG;GRIN2B;https://gene.sfari.org/database/human-gene/GRIN2B
GR2B_OLR_LTM_SS2_GR212;Sample2;GR2B;GR212;GR2B_WT;WT;GRIN2B;https://gene.sfari.org/database/human-gene/GRIN2B
GR2B_OLR_LTM_SS2_GR213;Sample2;GR2B;GR213;GR2B_WT;WT;GRIN2B;https://gene.sfari.org/database/human-gene/GRIN2B
GR2B_OLR_LTM_SS2_GR216;Sample2;GR2B;GR216;GR2B_WT;WT;GRIN2B;https://gene.sfari.org/database/human-gene/GRIN2B
GR2B_OLR_LTM_SS2_GR217;Sample2;GR2B;GR217;GR2B_Het;TG;GRIN2B;https://gene.sfari.org/database/human-gene/GRIN2B
GR2B_OLR_LTM_SS2_GR223;Sample2;GR2B;GR223;GR2B_Het;TG;GRIN2B;https://gene.sfari.org/database/human-gene/GRIN2B
GR2B_OLR_LTM_SS2_GR224;Sample2;GR2B;GR224;GR2B_Het;TG;GRIN2B;https://gene.sfari.org/database/human-gene/GRIN2B
GR2B_OLR_LTM_SS2_GR225;Sample2;GR2B;GR225;GR2B_WT;WT;GRIN2B;https://gene.sfari.org/database/human-gene/GRIN2B
GR2B_OLR_LTM_SS2_GR226;Sample2;GR2B;GR226;GR2B_WT;WT;GRIN2B;https://gene.sfari.org/database/human-gene/GRIN2B
GR2B_OLR_LTM_SS2_GR237;Sample2;GR2B;GR237;GR2B_Het;TG;GRIN2B;https://gene.sfari.org/database/human-gene/GRIN2B
GR2B_OLR_LTM_SS2_GR238;Sample2;GR2B;GR238;GR2B_WT;WT;GRIN2B;https://gene.sfari.org/database/human-gene/GRIN2B
GR2B_OLR_LTM_SS2_GR239;Sample2;GR2B;GR239;GR2B_Het;TG;GRIN2B;https://gene.sfari.org/database/human-gene/GRIN2B
GR2B_OLR_LTM_SS2_GR240;Sample2;GR2B;GR240;GR2B_Het;TG;GRIN2B;https://gene.sfari.org/database/human-gene/GRIN2B
GR2B_OLR_LTM_SS2_GR241;Sample2;GR2B;GR241;GR2B_WT;WT;GRIN2B;https://gene.sfari.org/database/human-gene/GRIN2B
GR2B_OLR_LTM_SS2_GR242;Sample2;GR2B;GR242;GR2B_WT;WT;GRIN2B;https://gene.sfari.org/database/human-gene/GRIN2B
GR2B_OLR_LTM_SS2_GR259;Sample2;GR2B;GR259;GR2B_WT;WT;GRIN2B;https://gene.sfari.org/database/human-gene/GRIN2B
GR2B_OLR_LTM_SS2_GR260;Sample2;GR2B;GR260;GR2B_Het;TG;GRIN2B;https://gene.sfari.org/database/human-gene/GRIN2B
GR2B_OLR_LTM_SS2_GR261;Sample2;GR2B;GR261;GR2B_WT;WT;GRIN2B;https://gene.sfari.org/database/human-gene/GRIN2B
GR2B_OLR_LTM_SS2_GR262;Sample2;GR2B;GR262;GR2B_Het;TG;GRIN2B;https://gene.sfari.org/database/human-gene/GRIN2B
GR2B_OLR_LTM_SS3_GR180;Sample3;GR2B;GR180;GR2B_WT;WT;GRIN2B;https://gene.sfari.org/database/human-gene/GRIN2B
GR2B_OLR_LTM_SS3_GR181;Sample3;GR2B;GR181;GR2B_WT;WT;GRIN2B;https://gene.sfari.org/database/human-gene/GRIN2B
GR2B_OLR_LTM_SS3_GR182;Sample3;GR2B;GR182;GR2B_Het;TG;GRIN2B;https://gene.sfari.org/database/human-gene/GRIN2B
GR2B_OLR_LTM_SS3_GR183;Sample3;GR2B;GR183;GR2B_Het;TG;GRIN2B;https://gene.sfari.org/database/human-gene/GRIN2B
GR2B_OLR_LTM_SS3_GR209;Sample3;GR2B;GR209;GR2B_Het;TG;GRIN2B;https://gene.sfari.org/database/human-gene/GRIN2B
GR2B_OLR_LTM_SS3_GR210;Sample3;GR2B;GR210;GR2B_Het;TG;GRIN2B;https://gene.sfari.org/database/human-gene/GRIN2B
GR2B_OLR_LTM_SS3_GR212;Sample3;GR2B;GR212;GR2B_WT;WT;GRIN2B;https://gene.sfari.org/database/human-gene/GRIN2B
GR2B_OLR_LTM_SS3_GR213;Sample3;GR2B;GR213;GR2B_WT;WT;GRIN2B;https://gene.sfari.org/database/human-gene/GRIN2B
GR2B_OLR_LTM_SS3_GR216;Sample3;GR2B;GR216;GR2B_WT;WT;GRIN2B;https://gene.sfari.org/database/human-gene/GRIN2B
GR2B_OLR_LTM_SS3_GR217;Sample3;GR2B;GR217;GR2B_Het;TG;GRIN2B;https://gene.sfari.org/database/human-gene/GRIN2B
GR2B_OLR_LTM_SS3_GR223;Sample3;GR2B;GR223;GR2B_Het;TG;GRIN2B;https://gene.sfari.org/database/human-gene/GRIN2B
GR2B_OLR_LTM_SS3_GR224;Sample3;GR2B;GR224;GR2B_Het;TG;GRIN2B;https://gene.sfari.org/database/human-gene/GRIN2B
GR2B_OLR_LTM_SS3_GR225;Sample3;GR2B;GR225;GR2B_WT;WT;GRIN2B;https://gene.sfari.org/database/human-gene/GRIN2B
GR2B_OLR_LTM_SS3_GR226;Sample3;GR2B;GR226;GR2B_WT;WT;GRIN2B;https://gene.sfari.org/database/human-gene/GRIN2B
GR2B_OLR_LTM_SS3_GR237;Sample3;GR2B;GR237;GR2B_Het;TG;GRIN2B;https://gene.sfari.org/database/human-gene/GRIN2B
GR2B_OLR_LTM_SS3_GR238;Sample3;GR2B;GR238;GR2B_WT;WT;GRIN2B;https://gene.sfari.org/database/human-gene/GRIN2B
GR2B_OLR_LTM_SS3_GR239;Sample3;GR2B;GR239;GR2B_Het;TG;GRIN2B;https://gene.sfari.org/database/human-gene/GRIN2B
GR2B_OLR_LTM_SS3_GR240;Sample3;GR2B;GR240;GR2B_Het;TG;GRIN2B;https://gene.sfari.org/database/human-gene/GRIN2B
GR2B_OLR_LTM_SS3_GR241;Sample3;GR2B;GR241;GR2B_WT;WT;GRIN2B;https://gene.sfari.org/database/human-gene/GRIN2B
GR2B_OLR_LTM_SS3_GR242;Sample3;GR2B;GR242;GR2B_WT;WT;GRIN2B;https://gene.sfari.org/database/human-gene/GRIN2B
GR2B_OLR_LTM_SS3_GR259;Sample3;GR2B;GR259;GR2B_WT;WT;GRIN2B;https://gene.sfari.org/database/human-gene/GRIN2B
GR2B_OLR_LTM_SS3_GR260;Sample3;GR2B;GR260;GR2B_Het;TG;GRIN2B;https://gene.sfari.org/database/human-gene/GRIN2B
GR2B_OLR_LTM_SS3_GR261;Sample3;GR2B;GR261;GR2B_WT;WT;GRIN2B;https://gene.sfari.org/database/human-gene/GRIN2B
GR2B_OLR_LTM_SS3_GR262;Sample3;GR2B;GR262;GR2B_Het;TG;GRIN2B;https://gene.sfari.org/database/human-gene/GRIN2B
GR2B_OLR_LTM_T_GR180;Test;GR2B;GR180;GR2B_WT;WT;GRIN2B;https://gene.sfari.org/database/human-gene/GRIN2B
GR2B_OLR_LTM_T_GR181;Test;GR2B;GR181;GR2B_WT;WT;GRIN2B;https://gene.sfari.org/database/human-gene/GRIN2B
GR2B_OLR_LTM_T_GR182;Test;GR2B;GR182;GR2B_Het;TG;GRIN2B;https://gene.sfari.org/database/human-gene/GRIN2B
GR2B_OLR_LTM_T_GR183;Test;GR2B;GR183;GR2B_Het;TG;GRIN2B;https://gene.sfari.org/database/human-gene/GRIN2B
GR2B_OLR_LTM_T_GR237;Test;GR2B;GR237;GR2B_Het;TG;GRIN2B;https://gene.sfari.org/database/human-gene/GRIN2B
GR2B_OLR_LTM_T_GR238;Test;GR2B;GR238;GR2B_WT;WT;GRIN2B;https://gene.sfari.org/database/human-gene/GRIN2B
GR2B_OLR_LTM_T_GR239;Test;GR2B;GR239;GR2B_Het;TG;GRIN2B;https://gene.sfari.org/database/human-gene/GRIN2B
GR2B_OLR_LTM_T_GR240;Test;GR2B;GR240;GR2B_Het;TG;GRIN2B;https://gene.sfari.org/database/human-gene/GRIN2B
GR2B_OLR_LTM_T_GR241;Test;GR2B;GR241;GR2B_WT;WT;GRIN2B;https://gene.sfari.org/database/human-gene/GRIN2B
GR2B_OLR_LTM_T_GR242;Test;GR2B;GR242;GR2B_WT;WT;GRIN2B;https://gene.sfari.org/database/human-gene/GRIN2B
GR2B_OLR_LTM_T_GR259;Test;GR2B;GR259;GR2B_WT;WT;GRIN2B;https://gene.sfari.org/database/human-gene/GRIN2B
GR2B_OLR_LTM_T_GR260;Test;GR2B;GR260;GR2B_Het;TG;GRIN2B;https://gene.sfari.org/database/human-gene/GRIN2B
GR2B_OLR_LTM_T_GR261;Test;GR2B;GR261;GR2B_WT;WT;GRIN2B;https://gene.sfari.org/database/human-gene/GRIN2B
GR2B_OLR_LTM_T_GR262;Test;GR2B;GR262;GR2B_Het;TG;GRIN2B;https://gene.sfari.org/database/human-gene/GRIN2B
SGAP_OLR_SG186_P;Test;SynGAP;SG186;SynGAP_WT;WT;SYNGAP1;https://gene.sfari.org/database/human-gene/SYNGAP1
SGAP_OLR_SG187_P;Test;SynGAP;SG187;SynGAP_Het;TG;SYNGAP1;https://gene.sfari.org/database/human-gene/SYNGAP1
SGAP_OLR_SG189_P;Test;SynGAP;SG189;SynGAP_Het;TG;SYNGAP1;https://gene.sfari.org/database/human-gene/SYNGAP1
SGAP_OLR_SG190_P;Test;SynGAP;SG190;SynGAP_Het;TG;SYNGAP1;https://gene.sfari.org/database/human-gene/SYNGAP1
SGAP_OLR_SG191_P;Test;SynGAP;SG191;SynGAP_Het;TG;SYNGAP1;https://gene.sfari.org/database/human-gene/SYNGAP1
SGAP_OLR_SG193_P;Test;SynGAP;SG193;SynGAP_WT;WT;SYNGAP1;https://gene.sfari.org/database/human-gene/SYNGAP1
SGAP_OLR_SG195_P;Test;SynGAP;SG195;SynGAP_WT;WT;SYNGAP1;https://gene.sfari.org/database/human-gene/SYNGAP1
SGAP_OLR_SG197_P;Test;SynGAP;SG197;SynGAP_WT;WT;SYNGAP1;https://gene.sfari.org/database/human-gene/SYNGAP1
SGAP_OLR_SG198_P;Test;SynGAP;SG198;SynGAP_WT;WT;SYNGAP1;https://gene.sfari.org/database/human-gene/SYNGAP1
SGAP_OLR_SG198_ssD1;Sample1;SynGAP;SG198;SynGAP_WT;WT;SYNGAP1;https://gene.sfari.org/database/human-gene/SYNGAP1
SGAP_OLR_SG198_ssD2;Sample2;SynGAP;SG198;SynGAP_WT;WT;SYNGAP1;https://gene.sfari.org/database/human-gene/SYNGAP1
SGAP_OLR_SG198_ssD3;Sample3;SynGAP;SG198;SynGAP_WT;WT;SYNGAP1;https://gene.sfari.org/database/human-gene/SYNGAP1
SGAP_OLR_SG199_P;Test;SynGAP;SG199;SynGAP_WT;WT;SYNGAP1;https://gene.sfari.org/database/human-gene/SYNGAP1
SGAP_OLR_SG199_ssD1;Sample1;SynGAP;SG199;SynGAP_WT;WT;SYNGAP1;https://gene.sfari.org/database/human-gene/SYNGAP1
SGAP_OLR_SG199_ssD2;Sample2;SynGAP;SG199;SynGAP_WT;WT;SYNGAP1;https://gene.sfari.org/database/human-gene/SYNGAP1
SGAP_OLR_SG199_ssD3;Sample3;SynGAP;SG199;SynGAP_WT;WT;SYNGAP1;https://gene.sfari.org/database/human-gene/SYNGAP1
SGAP_OLR_SG201_P;Test;SynGAP;SG201;SynGAP_WT;WT;SYNGAP1;https://gene.sfari.org/database/human-gene/SYNGAP1
SGAP_OLR_SG201_SD1;Sample1;SynGAP;SG201;SynGAP_WT;WT;SYNGAP1;https://gene.sfari.org/database/human-gene/SYNGAP1
SGAP_OLR_SG201_SD2;Sample2;SynGAP;SG201;SynGAP_WT;WT;SYNGAP1;https://gene.sfari.org/database/human-gene/SYNGAP1
SGAP_OLR_SG201_SD3;Sample3;SynGAP;SG201;SynGAP_WT;WT;SYNGAP1;https://gene.sfari.org/database/human-gene/SYNGAP1
SGAP_OLR_SG203_P;Test;SynGAP;SG203;SynGAP_Het;TG;SYNGAP1;https://gene.sfari.org/database/human-gene/SYNGAP1
SGAP_OLR_SG203_ssD1;Sample1;SynGAP;SG203;SynGAP_Het;TG;SYNGAP1;https://gene.sfari.org/database/human-gene/SYNGAP1
SGAP_OLR_SG203_ssD2;Sample2;SynGAP;SG203;SynGAP_Het;TG;SYNGAP1;https://gene.sfari.org/database/human-gene/SYNGAP1
SGAP_OLR_SG203_ssD3;Sample3;SynGAP;SG203;SynGAP_Het;TG;SYNGAP1;https://gene.sfari.org/database/human-gene/SYNGAP1
SGAP_OLR_SG204_P;Test;SynGAP;SG204;SynGAP_WT;WT;SYNGAP1;https://gene.sfari.org/database/human-gene/SYNGAP1
SGAP_OLR_SG204_ssD1;Sample1;SynGAP;SG204;SynGAP_WT;WT;SYNGAP1;https://gene.sfari.org/database/human-gene/SYNGAP1
SGAP_OLR_SG204_ssD2;Sample2;SynGAP;SG204;SynGAP_WT;WT;SYNGAP1;https://gene.sfari.org/database/human-gene/SYNGAP1
SGAP_OLR_SG204_ssD3;Sample3;SynGAP;SG204;SynGAP_WT;WT;SYNGAP1;https://gene.sfari.org/database/human-gene/SYNGAP1
SGAP_OLR_SG205_P;Test;SynGAP;SG205;SynGAP_WT;WT;SYNGAP1;https://gene.sfari.org/database/human-gene/SYNGAP1
SGAP_OLR_SG205_ssD1;Sample1;SynGAP;SG205;SynGAP_WT;WT;SYNGAP1;https://gene.sfari.org/database/human-gene/SYNGAP1
SGAP_OLR_SG205_ssD2;Sample2;SynGAP;SG205;SynGAP_WT;WT;SYNGAP1;https://gene.sfari.org/database/human-gene/SYNGAP1
SGAP_OLR_SG205_ssD3;Sample3;SynGAP;SG205;SynGAP_WT;WT;SYNGAP1;https://gene.sfari.org/database/human-gene/SYNGAP1
SGAP_OLR_SG212_P;Test;SynGAP;SG212;SynGAP_Het;TG;SYNGAP1;https://gene.sfari.org/database/human-gene/SYNGAP1
SGAP_OLR_SG212_ssD1;Sample1;SynGAP;SG212;SynGAP_Het;TG;SYNGAP1;https://gene.sfari.org/database/human-gene/SYNGAP1
SGAP_OLR_SG212_ssD2;Sample2;SynGAP;SG212;SynGAP_Het;TG;SYNGAP1;https://gene.sfari.org/database/human-gene/SYNGAP1
SGAP_OLR_SG212_ssD3;Sample3;SynGAP;SG212;SynGAP_Het;TG;SYNGAP1;https://gene.sfari.org/database/human-gene/SYNGAP1
SGAP_OLR_SG217_P;Test;SynGAP;SG217;SynGAP_Het;TG;SYNGAP1;https://gene.sfari.org/database/human-gene/SYNGAP1
SGAP_OLR_SG217_SD1;Sample1;SynGAP;SG217;SynGAP_Het;TG;SYNGAP1;https://gene.sfari.org/database/human-gene/SYNGAP1
SGAP_OLR_SG217_SD2;Sample2;SynGAP;SG217;SynGAP_Het;TG;SYNGAP1;https://gene.sfari.org/database/human-gene/SYNGAP1
SGAP_OLR_SG217_SD3;Sample3;SynGAP;SG217;SynGAP_Het;TG;SYNGAP1;https://gene.sfari.org/database/human-gene/SYNGAP1
SGAP_OLR_SG218_P;Test;SynGAP;SG218;SynGAP_WT;WT;SYNGAP1;https://gene.sfari.org/database/human-gene/SYNGAP1
SGAP_OLR_SG218_SD1;Sample1;SynGAP;SG218;SynGAP_WT;WT;SYNGAP1;https://gene.sfari.org/database/human-gene/SYNGAP1
SGAP_OLR_SG218_SD2;Sample2;SynGAP;SG218;SynGAP_WT;WT;SYNGAP1;https://gene.sfari.org/database/human-gene/SYNGAP1
SGAP_OLR_SG218_SD3;Sample3;SynGAP;SG218;SynGAP_WT;WT;SYNGAP1;https://gene.sfari.org/database/human-gene/SYNGAP1
SGAP_OLR_SG219_P;Test;SynGAP;SG219;SynGAP_WT;WT;SYNGAP1;https://gene.sfari.org/database/human-gene/SYNGAP1
SGAP_OLR_SG219_SD1;Sample1;SynGAP;SG219;SynGAP_WT;WT;SYNGAP1;https://gene.sfari.org/database/human-gene/SYNGAP1
SGAP_OLR_SG219_SD2;Sample2;SynGAP;SG219;SynGAP_WT;WT;SYNGAP1;https://gene.sfari.org/database/human-gene/SYNGAP1
SGAP_OLR_SG219_SD3;Sample3;SynGAP;SG219;SynGAP_WT;WT;SYNGAP1;https://gene.sfari.org/database/human-gene/SYNGAP1
SGAP_OLR_SG220_P;Test;SynGAP;SG220;SynGAP_Het;TG;SYNGAP1;https://gene.sfari.org/database/human-gene/SYNGAP1
SGAP_OLR_SG220_SD1;Sample1;SynGAP;SG220;SynGAP_Het;TG;SYNGAP1;https://gene.sfari.org/database/human-gene/SYNGAP1
SGAP_OLR_SG220_SD2;Sample2;SynGAP;SG220;SynGAP_Het;TG;SYNGAP1;https://gene.sfari.org/database/human-gene/SYNGAP1
SGAP_OLR_SG220_SD3;Sample3;SynGAP;SG220;SynGAP_Het;TG;SYNGAP1;https://gene.sfari.org/database/human-gene/SYNGAP1
SGAP_OLR_SG221_P;Test;SynGAP;SG221;SynGAP_Het;TG;SYNGAP1;https://gene.sfari.org/database/human-gene/SYNGAP1
SGAP_OLR_SG221_ssD1;Sample1;SynGAP;SG221;SynGAP_Het;TG;SYNGAP1;https://gene.sfari.org/database/human-gene/SYNGAP1
SGAP_OLR_SG221_ssD2;Sample2;SynGAP;SG221;SynGAP_Het;TG;SYNGAP1;https://gene.sfari.org/database/human-gene/SYNGAP1
SGAP_OLR_SG221_ssD3;Sample3;SynGAP;SG221;SynGAP_Het;TG;SYNGAP1;https://gene.sfari.org/database/human-gene/SYNGAP1
SGAP_OLR_SG222_P;Test;SynGAP;SG222;SynGAP_Het;TG;SYNGAP1;https://gene.sfari.org/database/human-gene/SYNGAP1
SGAP_OLR_SG222_ssD1;Sample1;SynGAP;SG222;SynGAP_Het;TG;SYNGAP1;https://gene.sfari.org/database/human-gene/SYNGAP1
SGAP_OLR_SG222_ssD2;Sample2;SynGAP;SG222;SynGAP_Het;TG;SYNGAP1;https://gene.sfari.org/database/human-gene/SYNGAP1
SGAP_OLR_SG222_ssD3;Sample3;SynGAP;SG222;SynGAP_Het;TG;SYNGAP1;https://gene.sfari.org/database/human-gene/SYNGAP1
SGAP_OLR_SG223_P;Test;SynGAP;SG223;SynGAP_Het;TG;SYNGAP1;https://gene.sfari.org/database/human-gene/SYNGAP1
SGAP_OLR_SG223_SD1;Sample1;SynGAP;SG223;SynGAP_Het;TG;SYNGAP1;https://gene.sfari.org/database/human-gene/SYNGAP1
SGAP_OLR_SG223_SD2;Sample2;SynGAP;SG223;SynGAP_Het;TG;SYNGAP1;https://gene.sfari.org/database/human-gene/SYNGAP1
SGAP_OLR_SG223_SD3;Sample3;SynGAP;SG223;SynGAP_Het;TG;SYNGAP1;https://gene.sfari.org/database/human-gene/SYNGAP1
SGAP_OLR_SG224_P;Test;SynGAP;SG224;SynGAP_WT;WT;SYNGAP1;https://gene.sfari.org/database/human-gene/SYNGAP1
SGAP_OLR_SG224_SD1;Sample1;SynGAP;SG224;SynGAP_WT;WT;SYNGAP1;https://gene.sfari.org/database/human-gene/SYNGAP1
SGAP_OLR_SG224_SD2;Sample2;SynGAP;SG224;SynGAP_WT;WT;SYNGAP1;https://gene.sfari.org/database/human-gene/SYNGAP1
SGAP_OLR_SG224_SD3;Sample3;SynGAP;SG224;SynGAP_WT;WT;SYNGAP1;https://gene.sfari.org/database/human-gene/SYNGAP1
SGAP_OLR_SG225_P;Test;SynGAP;SG225;SynGAP_Het;TG;SYNGAP1;https://gene.sfari.org/database/human-gene/SYNGAP1
SGAP_OLR_SG225_SD1;Sample1;SynGAP;SG225;SynGAP_Het;TG;SYNGAP1;https://gene.sfari.org/database/human-gene/SYNGAP1
SGAP_OLR_SG225_SD2;Sample2;SynGAP;SG225;SynGAP_Het;TG;SYNGAP1;https://gene.sfari.org/database/human-gene/SYNGAP1
SGAP_OLR_SG225_SD3;Sample3;SynGAP;SG225;SynGAP_Het;TG;SYNGAP1;https://gene.sfari.org/database/human-gene/SYNGAP1
SGAP_OLR_SS1_SG186;Sample1;SynGAP;SG186;SynGAP_WT;WT;SYNGAP1;https://gene.sfari.org/database/human-gene/SYNGAP1
SGAP_OLR_SS1_SG187;Sample1;SynGAP;SG187;SynGAP_Het;TG;SYNGAP1;https://gene.sfari.org/database/human-gene/SYNGAP1
SGAP_OLR_SS1_SG189;Sample1;SynGAP;SG189;SynGAP_Het;TG;SYNGAP1;https://gene.sfari.org/database/human-gene/SYNGAP1
SGAP_OLR_SS1_SG190;Sample1;SynGAP;SG190;SynGAP_Het;TG;SYNGAP1;https://gene.sfari.org/database/human-gene/SYNGAP1
SGAP_OLR_SS1_SG191;Sample1;SynGAP;SG191;SynGAP_Het;TG;SYNGAP1;https://gene.sfari.org/database/human-gene/SYNGAP1
SGAP_OLR_SS1_SG193;Sample1;SynGAP;SG193;SynGAP_WT;WT;SYNGAP1;https://gene.sfari.org/database/human-gene/SYNGAP1
SGAP_OLR_SS1_SG195;Sample1;SynGAP;SG195;SynGAP_WT;WT;SYNGAP1;https://gene.sfari.org/database/human-gene/SYNGAP1
SGAP_OLR_SS1_SG197;Sample1;SynGAP;SG197;SynGAP_WT;WT;SYNGAP1;https://gene.sfari.org/database/human-gene/SYNGAP1
SGAP_OLR_SS2_SG186;Sample2;SynGAP;SG186;SynGAP_WT;WT;SYNGAP1;https://gene.sfari.org/database/human-gene/SYNGAP1
SGAP_OLR_SS2_SG187;Sample2;SynGAP;SG187;SynGAP_Het;TG;SYNGAP1;https://gene.sfari.org/database/human-gene/SYNGAP1
SGAP_OLR_SS2_SG189;Sample2;SynGAP;SG189;SynGAP_Het;TG;SYNGAP1;https://gene.sfari.org/database/human-gene/SYNGAP1
SGAP_OLR_SS2_SG190;Sample2;SynGAP;SG190;SynGAP_Het;TG;SYNGAP1;https://gene.sfari.org/database/human-gene/SYNGAP1
SGAP_OLR_SS2_SG191;Sample2;SynGAP;SG191;SynGAP_Het;TG;SYNGAP1;https://gene.sfari.org/database/human-gene/SYNGAP1
SGAP_OLR_SS2_SG193;Sample2;SynGAP;SG193;SynGAP_WT;WT;SYNGAP1;https://gene.sfari.org/database/human-gene/SYNGAP1
SGAP_OLR_SS2_SG195;Sample2;SynGAP;SG195;SynGAP_WT;WT;SYNGAP1;https://gene.sfari.org/database/human-gene/SYNGAP1
SGAP_OLR_SS2_SG197;Sample2;SynGAP;SG197;SynGAP_WT;WT;SYNGAP1;https://gene.sfari.org/database/human-gene/SYNGAP1
SGAP_OLR_SS3_SG186;Sample3;SynGAP;SG186;SynGAP_WT;WT;SYNGAP1;https://gene.sfari.org/database/human-gene/SYNGAP1
SGAP_OLR_SS3_SG187;Sample3;SynGAP;SG187;SynGAP_Het;TG;SYNGAP1;https://gene.sfari.org/database/human-gene/SYNGAP1
SGAP_OLR_SS3_SG189;Sample3;SynGAP;SG189;SynGAP_Het;TG;SYNGAP1;https://gene.sfari.org/database/human-gene/SYNGAP1
SGAP_OLR_SS3_SG190;Sample3;SynGAP;SG190;SynGAP_Het;TG;SYNGAP1;https://gene.sfari.org/database/human-gene/SYNGAP1
SGAP_OLR_SS3_SG191;Sample3;SynGAP;SG191;SynGAP_Het;TG;SYNGAP1;https://gene.sfari.org/database/human-gene/SYNGAP1
SGAP_OLR_SS3_SG193;Sample3;SynGAP;SG193;SynGAP_WT;WT;SYNGAP1;https://gene.sfari.org/database/human-gene/SYNGAP1
SGAP_OLR_SS3_SG195;Sample3;SynGAP;SG195;SynGAP_WT;WT;SYNGAP1;https://gene.sfari.org/database/human-gene/SYNGAP1
SGAP_OLR_SS3_SG197;Sample3;SynGAP;SG197;SynGAP_WT;WT;SYNGAP1;https://gene.sfari.org/database/human-gene/SYNGAP1
SGE8_OLR_P_SG204;Test;SynGAP_E8;SG204;SynGAP_E8_Het;TG;SYNGAP1;https://gene.sfari.org/database/human-gene/SYNGAP1
SGE8_OLR_P_SG205;Test;SynGAP_E8;SG205;SynGAP_E8_Het;TG;SYNGAP1;https://gene.sfari.org/database/human-gene/SYNGAP1
SGE8_OLR_P_SG206;Test;SynGAP_E8;SG206;SynGAP_E8_Het;TG;SYNGAP1;https://gene.sfari.org/database/human-gene/SYNGAP1
SGE8_OLR_P_SG207;Test;SynGAP_E8;SG207;SynGAP_E8_WT;WT;SYNGAP1;https://gene.sfari.org/database/human-gene/SYNGAP1
SGE8_OLR_P_SG208;Test;SynGAP_E8;SG208;SynGAP_E8_WT;WT;SYNGAP1;https://gene.sfari.org/database/human-gene/SYNGAP1
SGE8_OLR_P_SG209;Test;SynGAP_E8;SG209;SynGAP_E8_WT;WT;SYNGAP1;https://gene.sfari.org/database/human-gene/SYNGAP1
SGE8_OLR_P_SG214;Test;SynGAP_E8;SG214;SynGAP_E8_Het;TG;SYNGAP1;https://gene.sfari.org/database/human-gene/SYNGAP1
SGE8_OLR_P_SG215;Test;SynGAP_E8;SG215;SynGAP_E8_WT;WT;SYNGAP1;https://gene.sfari.org/database/human-gene/SYNGAP1
SGE8_OLR_SS1_SG204;Sample1;SynGAP_E8;SG204;SynGAP_E8_Het;TG;SYNGAP1;https://gene.sfari.org/database/human-gene/SYNGAP1
SGE8_OLR_SS1_SG205;Sample1;SynGAP_E8;SG205;SynGAP_E8_Het;TG;SYNGAP1;https://gene.sfari.org/database/human-gene/SYNGAP1
SGE8_OLR_SS1_SG206;Sample1;SynGAP_E8;SG206;SynGAP_E8_Het;TG;SYNGAP1;https://gene.sfari.org/database/human-gene/SYNGAP1
SGE8_OLR_SS1_SG207;Sample1;SynGAP_E8;SG207;SynGAP_E8_WT;WT;SYNGAP1;https://gene.sfari.org/database/human-gene/SYNGAP1
SGE8_OLR_SS1_SG208;Sample1;SynGAP_E8;SG208;SynGAP_E8_WT;WT;SYNGAP1;https://gene.sfari.org/database/human-gene/SYNGAP1
SGE8_OLR_SS1_SG209;Sample1;SynGAP_E8;SG209;SynGAP_E8_WT;WT;SYNGAP1;https://gene.sfari.org/database/human-gene/SYNGAP1
SGE8_OLR_SS1_SG214;Sample1;SynGAP_E8;SG214;SynGAP_E8_Het;TG;SYNGAP1;https://gene.sfari.org/database/human-gene/SYNGAP1
SGE8_OLR_SS1_SG215;Sample1;SynGAP_E8;SG215;SynGAP_E8_WT;WT;SYNGAP1;https://gene.sfari.org/database/human-gene/SYNGAP1
SGE8_OLR_SS2_SG204;Sample2;SynGAP_E8;SG204;SynGAP_E8_Het;TG;SYNGAP1;https://gene.sfari.org/database/human-gene/SYNGAP1
SGE8_OLR_SS2_SG205;Sample2;SynGAP_E8;SG205;SynGAP_E8_Het;TG;SYNGAP1;https://gene.sfari.org/database/human-gene/SYNGAP1
SGE8_OLR_SS2_SG206;Sample2;SynGAP_E8;SG206;SynGAP_E8_Het;TG;SYNGAP1;https://gene.sfari.org/database/human-gene/SYNGAP1
SGE8_OLR_SS2_SG207;Sample2;SynGAP_E8;SG207;SynGAP_E8_WT;WT;SYNGAP1;https://gene.sfari.org/database/human-gene/SYNGAP1
SGE8_OLR_SS2_SG208;Sample2;SynGAP_E8;SG208;SynGAP_E8_WT;WT;SYNGAP1;https://gene.sfari.org/database/human-gene/SYNGAP1
SGE8_OLR_SS2_SG209;Sample2;SynGAP_E8;SG209;SynGAP_E8_WT;WT;SYNGAP1;https://gene.sfari.org/database/human-gene/SYNGAP1
SGE8_OLR_SS2_SG214;Sample2;SynGAP_E8;SG214;SynGAP_E8_Het;TG;SYNGAP1;https://gene.sfari.org/database/human-gene/SYNGAP1
SGE8_OLR_SS2_SG215;Sample2;SynGAP_E8;SG215;SynGAP_E8_WT;WT;SYNGAP1;https://gene.sfari.org/database/human-gene/SYNGAP1
SGE8_OLR_SS3_SG204;Sample3;SynGAP_E8;SG204;SynGAP_E8_Het;TG;SYNGAP1;https://gene.sfari.org/database/human-gene/SYNGAP1
SGE8_OLR_SS3_SG205;Sample3;SynGAP_E8;SG205;SynGAP_E8_Het;TG;SYNGAP1;https://gene.sfari.org/database/human-gene/SYNGAP1
SGE8_OLR_SS3_SG206;Sample3;SynGAP_E8;SG206;SynGAP_E8_Het;TG;SYNGAP1;https://gene.sfari.org/database/human-gene/SYNGAP1
SGE8_OLR_SS3_SG207;Sample3;SynGAP_E8;SG207;SynGAP_E8_WT;WT;SYNGAP1;https://gene.sfari.org/database/human-gene/SYNGAP1
SGE8_OLR_SS3_SG208;Sample3;SynGAP_E8;SG208;SynGAP_E8_WT;WT;SYNGAP1;https://gene.sfari.org/database/human-gene/SYNGAP1
SGE8_OLR_SS3_SG209;Sample3;SynGAP_E8;SG209;SynGAP_E8_WT;WT;SYNGAP1;https://gene.sfari.org/database/human-gene/SYNGAP1
SGE8_OLR_SS3_SG214;Sample3;SynGAP_E8;SG214;SynGAP_E8_Het;TG;SYNGAP1;https://gene.sfari.org/database/human-gene/SYNGAP1
SGE8_OLR_SS3_SG215;Sample3;SynGAP_E8;SG215;SynGAP_E8_WT;WT;SYNGAP1;https://gene.sfari.org/database/human-gene/SYNGAP1
SGE8_P_SE104;Test;SynGAP_E8;SE104;SynGAP_E8_Het;TG;SYNGAP1;https://gene.sfari.org/database/human-gene/SYNGAP1
SGE8_P_SE105;Test;SynGAP_E8;SE105;SynGAP_E8_Het;TG;SYNGAP1;https://gene.sfari.org/database/human-gene/SYNGAP1
SGE8_P_SE106;Test;SynGAP_E8;SE106;SynGAP_E8_Het;TG;SYNGAP1;https://gene.sfari.org/database/human-gene/SYNGAP1
SGE8_P_SE107;Test;SynGAP_E8;SE107;SynGAP_E8_Het;TG;SYNGAP1;https://gene.sfari.org/database/human-gene/SYNGAP1
SGE8_P_SE108;Test;SynGAP_E8;SE108;SynGAP_E8_WT;WT;SYNGAP1;https://gene.sfari.org/database/human-gene/SYNGAP1
SGE8_P_SE109;Test;SynGAP_E8;SE109;SynGAP_E8_Het;TG;SYNGAP1;https://gene.sfari.org/database/human-gene/SYNGAP1
SGE8_P_SE110;Test;SynGAP_E8;SE110;SynGAP_E8_WT;WT;SYNGAP1;https://gene.sfari.org/database/human-gene/SYNGAP1
SGE8_P_SE111;Test;SynGAP_E8;SE111;SynGAP_E8_Het;TG;SYNGAP1;https://gene.sfari.org/database/human-gene/SYNGAP1
SGE8_P_SE112;Test;SynGAP_E8;SE112;SynGAP_E8_Het;TG;SYNGAP1;https://gene.sfari.org/database/human-gene/SYNGAP1
SGE8_P_SE113;Test;SynGAP_E8;SE113;SynGAP_E8_WT;WT;SYNGAP1;https://gene.sfari.org/database/human-gene/SYNGAP1
SGE8_P_SE114;Test;SynGAP_E8;SE114;SynGAP_E8_WT;WT;SYNGAP1;https://gene.sfari.org/database/human-gene/SYNGAP1
SGE8_P_SE115;Test;SynGAP_E8;SE115;SynGAP_E8_WT;WT;SYNGAP1;https://gene.sfari.org/database/human-gene/SYNGAP1
SGE8_P_SE116;Test;SynGAP_E8;SE116;SynGAP_E8_WT;WT;SYNGAP1;https://gene.sfari.org/database/human-gene/SYNGAP1
SGE8_P_SE117;Test;SynGAP_E8;SE117;SynGAP_E8_WT;WT;SYNGAP1;https://gene.sfari.org/database/human-gene/SYNGAP1
SGE8_P_SE118;Test;SynGAP_E8;SE118;SynGAP_E8_WT;WT;SYNGAP1;https://gene.sfari.org/database/human-gene/SYNGAP1
SGE8_P_SE119;Test;SynGAP_E8;SE119;SynGAP_E8_Het;TG;SYNGAP1;https://gene.sfari.org/database/human-gene/SYNGAP1
SGE8_SS1_SE104;Sample1;SynGAP_E8;SE104;SynGAP_E8_Het;TG;SYNGAP1;https://gene.sfari.org/database/human-gene/SYNGAP1
SGE8_SS1_SE105;Sample1;SynGAP_E8;SE105;SynGAP_E8_Het;TG;SYNGAP1;https://gene.sfari.org/database/human-gene/SYNGAP1
SGE8_SS1_SE106;Sample1;SynGAP_E8;SE106;SynGAP_E8_Het;TG;SYNGAP1;https://gene.sfari.org/database/human-gene/SYNGAP1
SGE8_SS1_SE107;Sample1;SynGAP_E8;SE107;SynGAP_E8_Het;TG;SYNGAP1;https://gene.sfari.org/database/human-gene/SYNGAP1
SGE8_SS1_SE108;Sample1;SynGAP_E8;SE108;SynGAP_E8_WT;WT;SYNGAP1;https://gene.sfari.org/database/human-gene/SYNGAP1
SGE8_SS1_SE109;Sample1;SynGAP_E8;SE109;SynGAP_E8_Het;TG;SYNGAP1;https://gene.sfari.org/database/human-gene/SYNGAP1
SGE8_SS1_SE110;Sample1;SynGAP_E8;SE110;SynGAP_E8_WT;WT;SYNGAP1;https://gene.sfari.org/database/human-gene/SYNGAP1
SGE8_SS1_SE111;Sample1;SynGAP_E8;SE111;SynGAP_E8_Het;TG;SYNGAP1;https://gene.sfari.org/database/human-gene/SYNGAP1
SGE8_SS1_SE112;Sample1;SynGAP_E8;SE112;SynGAP_E8_Het;TG;SYNGAP1;https://gene.sfari.org/database/human-gene/SYNGAP1
SGE8_SS1_SE113;Sample1;SynGAP_E8;SE113;SynGAP_E8_WT;WT;SYNGAP1;https://gene.sfari.org/database/human-gene/SYNGAP1
SGE8_SS1_SE114;Sample1;SynGAP_E8;SE114;SynGAP_E8_WT;WT;SYNGAP1;https://gene.sfari.org/database/human-gene/SYNGAP1
SGE8_SS1_SE115;Sample1;SynGAP_E8;SE115;SynGAP_E8_WT;WT;SYNGAP1;https://gene.sfari.org/database/human-gene/SYNGAP1
SGE8_SS1_SE116;Sample1;SynGAP_E8;SE116;SynGAP_E8_WT;WT;SYNGAP1;https://gene.sfari.org/database/human-gene/SYNGAP1
SGE8_SS1_SE117;Sample1;SynGAP_E8;SE117;SynGAP_E8_WT;WT;SYNGAP1;https://gene.sfari.org/database/human-gene/SYNGAP1
SGE8_SS1_SE118;Sample1;SynGAP_E8;SE118;SynGAP_E8_WT;WT;SYNGAP1;https://gene.sfari.org/database/human-gene/SYNGAP1
SGE8_SS1_SE119;Sample1;SynGAP_E8;SE119;SynGAP_E8_Het;TG;SYNGAP1;https://gene.sfari.org/database/human-gene/SYNGAP1
SGE8_SS2_SE104;Sample2;SynGAP_E8;SE104;SynGAP_E8_Het;TG;SYNGAP1;https://gene.sfari.org/database/human-gene/SYNGAP1
SGE8_SS2_SE105;Sample2;SynGAP_E8;SE105;SynGAP_E8_Het;TG;SYNGAP1;https://gene.sfari.org/database/human-gene/SYNGAP1
SGE8_SS2_SE106;Sample2;SynGAP_E8;SE106;SynGAP_E8_Het;TG;SYNGAP1;https://gene.sfari.org/database/human-gene/SYNGAP1
SGE8_SS2_SE107;Sample2;SynGAP_E8;SE107;SynGAP_E8_Het;TG;SYNGAP1;https://gene.sfari.org/database/human-gene/SYNGAP1
SGE8_SS2_SE108;Sample2;SynGAP_E8;SE108;SynGAP_E8_WT;WT;SYNGAP1;https://gene.sfari.org/database/human-gene/SYNGAP1
SGE8_SS2_SE109;Sample2;SynGAP_E8;SE109;SynGAP_E8_Het;TG;SYNGAP1;https://gene.sfari.org/database/human-gene/SYNGAP1
SGE8_SS2_SE110;Sample2;SynGAP_E8;SE110;SynGAP_E8_WT;WT;SYNGAP1;https://gene.sfari.org/database/human-gene/SYNGAP1
SGE8_SS2_SE111;Sample2;SynGAP_E8;SE111;SynGAP_E8_Het;TG;SYNGAP1;https://gene.sfari.org/database/human-gene/SYNGAP1
SGE8_SS2_SE112;Sample2;SynGAP_E8;SE112;SynGAP_E8_Het;TG;SYNGAP1;https://gene.sfari.org/database/human-gene/SYNGAP1
SGE8_SS2_SE113;Sample2;SynGAP_E8;SE113;SynGAP_E8_WT;WT;SYNGAP1;https://gene.sfari.org/database/human-gene/SYNGAP1
SGE8_SS2_SE114;Sample2;SynGAP_E8;SE114;SynGAP_E8_WT;WT;SYNGAP1;https://gene.sfari.org/database/human-gene/SYNGAP1
SGE8_SS2_SE115;Sample2;SynGAP_E8;SE115;SynGAP_E8_WT;WT;SYNGAP1;https://gene.sfari.org/database/human-gene/SYNGAP1
SGE8_SS2_SE116;Sample2;SynGAP_E8;SE116;SynGAP_E8_WT;WT;SYNGAP1;https://gene.sfari.org/database/human-gene/SYNGAP1
SGE8_SS2_SE117;Sample2;SynGAP_E8;SE117;SynGAP_E8_WT;WT;SYNGAP1;https://gene.sfari.org/database/human-gene/SYNGAP1
SGE8_SS2_SE118;Sample2;SynGAP_E8;SE118;SynGAP_E8_WT;WT;SYNGAP1;https://gene.sfari.org/database/human-gene/SYNGAP1
SGE8_SS2_SE119;Sample2;SynGAP_E8;SE119;SynGAP_E8_Het;TG;SYNGAP1;https://gene.sfari.org/database/human-gene/SYNGAP1
SGE8_SS3_SE104;Sample3;SynGAP_E8;SE104;SynGAP_E8_Het;TG;SYNGAP1;https://gene.sfari.org/database/human-gene/SYNGAP1
SGE8_SS3_SE105;Sample3;SynGAP_E8;SE105;SynGAP_E8_Het;TG;SYNGAP1;https://gene.sfari.org/database/human-gene/SYNGAP1
SGE8_SS3_SE106;Sample3;SynGAP_E8;SE106;SynGAP_E8_Het;TG;SYNGAP1;https://gene.sfari.org/database/human-gene/SYNGAP1
SGE8_SS3_SE107;Sample3;SynGAP_E8;SE107;SynGAP_E8_Het;TG;SYNGAP1;https://gene.sfari.org/database/human-gene/SYNGAP1
SGE8_SS3_SE108;Sample3;SynGAP_E8;SE108;SynGAP_E8_WT;WT;SYNGAP1;https://gene.sfari.org/database/human-gene/SYNGAP1
SGE8_SS3_SE109;Sample3;SynGAP_E8;SE109;SynGAP_E8_Het;TG;SYNGAP1;https://gene.sfari.org/database/human-gene/SYNGAP1
SGE8_SS3_SE110;Sample3;SynGAP_E8;SE110;SynGAP_E8_WT;WT;SYNGAP1;https://gene.sfari.org/database/human-gene/SYNGAP1
SGE8_SS3_SE111;Sample3;SynGAP_E8;SE111;SynGAP_E8_Het;TG;SYNGAP1;https://gene.sfari.org/database/human-gene/SYNGAP1
SGE8_SS3_SE112;Sample3;SynGAP_E8;SE112;SynGAP_E8_Het;TG;SYNGAP1;https://gene.sfari.org/database/human-gene/SYNGAP1
SGE8_SS3_SE113;Sample3;SynGAP_E8;SE113;SynGAP_E8_WT;WT;SYNGAP1;https://gene.sfari.org/database/human-gene/SYNGAP1
SGE8_SS3_SE114;Sample3;SynGAP_E8;SE114;SynGAP_E8_WT;WT;SYNGAP1;https://gene.sfari.org/database/human-gene/SYNGAP1
SGE8_SS3_SE115;Sample3;SynGAP_E8;SE115;SynGAP_E8_WT;WT;SYNGAP1;https://gene.sfari.org/database/human-gene/SYNGAP1
SGE8_SS3_SE116;Sample3;SynGAP_E8;SE116;SynGAP_E8_WT;WT;SYNGAP1;https://gene.sfari.org/database/human-gene/SYNGAP1
SGE8_SS3_SE117;Sample3;SynGAP_E8;SE117;SynGAP_E8_WT;WT;SYNGAP1;https://gene.sfari.org/database/human-gene/SYNGAP1
SGE8_SS3_SE118;Sample3;SynGAP_E8;SE118;SynGAP_E8_WT;WT;SYNGAP1;https://gene.sfari.org/database/human-gene/SYNGAP1
SGE8_SS3_SE119;Sample3;SynGAP_E8;SE119;SynGAP_E8_Het;TG;SYNGAP1;https://gene.sfari.org/database/human-gene/SYNGAP1
SGE_P_SE132;Test;SynGAP_E8;SE132;SynGAP_E8_WT;WT;SYNGAP1;https://gene.sfari.org/database/human-gene/SYNGAP1
SGE_P_SE133;Test;SynGAP_E8;SE133;SynGAP_E8_Het;TG;SYNGAP1;https://gene.sfari.org/database/human-gene/SYNGAP1
SGE_P_SE134;Test;SynGAP_E8;SE134;SynGAP_E8_Het;TG;SYNGAP1;https://gene.sfari.org/database/human-gene/SYNGAP1
SGE_P_SE135;Test;SynGAP_E8;SE135;SynGAP_E8_WT;WT;SYNGAP1;https://gene.sfari.org/database/human-gene/SYNGAP1
SGE_P_SE137;Test;SynGAP_E8;SE137;SynGAP_E8_Het;TG;SYNGAP1;https://gene.sfari.org/database/human-gene/SYNGAP1
SGE_P_SE138;Test;SynGAP_E8;SE138;SynGAP_E8_Het;TG;SYNGAP1;https://gene.sfari.org/database/human-gene/SYNGAP1
SGE_P_SE139;Test;SynGAP_E8;SE139;SynGAP_E8_WT;WT;SYNGAP1;https://gene.sfari.org/database/human-gene/SYNGAP1
SGE_P_SE140;Test;SynGAP_E8;SE140;SynGAP_E8_WT;WT;SYNGAP1;https://gene.sfari.org/database/human-gene/SYNGAP1
SGE_P_SE56;Test;SynGAP_E8;SE56;SynGAP_E8_WT;WT;SYNGAP1;https://gene.sfari.org/database/human-gene/SYNGAP1
SGE_P_SE57;Test;SynGAP_E8;SE57;SynGAP_E8_Het;TG;SYNGAP1;https://gene.sfari.org/database/human-gene/SYNGAP1
SGE_P_SE58;Test;SynGAP_E8;SE58;SynGAP_E8_WT;WT;SYNGAP1;https://gene.sfari.org/database/human-gene/SYNGAP1
SGE_P_SE59;Test;SynGAP_E8;SE59;SynGAP_E8_Het;TG;SYNGAP1;https://gene.sfari.org/database/human-gene/SYNGAP1
SGE_P_SE66;Test;SynGAP_E8;SE66;SynGAP_E8_Het;TG;SYNGAP1;https://gene.sfari.org/database/human-gene/SYNGAP1
SGE_P_SE67;Test;SynGAP_E8;SE67;SynGAP_E8_WT;WT;SYNGAP1;https://gene.sfari.org/database/human-gene/SYNGAP1
SGE_P_SE68;Test;SynGAP_E8;SE68;SynGAP_E8_WT;WT;SYNGAP1;https://gene.sfari.org/database/human-gene/SYNGAP1
SGE_P_SE69;Test;SynGAP_E8;SE69;SynGAP_E8_Het;TG;SYNGAP1;https://gene.sfari.org/database/human-gene/SYNGAP1
SGE_SS1_SE132;Sample1;SynGAP_E8;SE132;SynGAP_E8_WT;WT;SYNGAP1;https://gene.sfari.org/database/human-gene/SYNGAP1
SGE_SS1_SE133;Sample1;SynGAP_E8;SE133;SynGAP_E8_Het;TG;SYNGAP1;https://gene.sfari.org/database/human-gene/SYNGAP1
SGE_SS1_SE134;Sample1;SynGAP_E8;SE134;SynGAP_E8_Het;TG;SYNGAP1;https://gene.sfari.org/database/human-gene/SYNGAP1
SGE_SS1_SE135;Sample1;SynGAP_E8;SE135;SynGAP_E8_WT;WT;SYNGAP1;https://gene.sfari.org/database/human-gene/SYNGAP1
SGE_SS1_SE137;Sample1;SynGAP_E8;SE137;SynGAP_E8_Het;TG;SYNGAP1;https://gene.sfari.org/database/human-gene/SYNGAP1
SGE_SS1_SE138;Sample1;SynGAP_E8;SE138;SynGAP_E8_Het;TG;SYNGAP1;https://gene.sfari.org/database/human-gene/SYNGAP1
SGE_SS1_SE139;Sample1;SynGAP_E8;SE139;SynGAP_E8_WT;WT;SYNGAP1;https://gene.sfari.org/database/human-gene/SYNGAP1
SGE_SS1_SE140;Sample1;SynGAP_E8;SE140;SynGAP_E8_WT;WT;SYNGAP1;https://gene.sfari.org/database/human-gene/SYNGAP1
SGE_SS1_SE56;Sample1;SynGAP_E8;SE56;SynGAP_E8_WT;WT;SYNGAP1;https://gene.sfari.org/database/human-gene/SYNGAP1
SGE_SS1_SE57;Sample1;SynGAP_E8;SE57;SynGAP_E8_Het;TG;SYNGAP1;https://gene.sfari.org/database/human-gene/SYNGAP1
SGE_SS1_SE58;Sample1;SynGAP_E8;SE58;SynGAP_E8_WT;WT;SYNGAP1;https://gene.sfari.org/database/human-gene/SYNGAP1
SGE_SS1_SE59;Sample1;SynGAP_E8;SE59;SynGAP_E8_Het;TG;SYNGAP1;https://gene.sfari.org/database/human-gene/SYNGAP1
SGE_SS1_SE66;Sample1;SynGAP_E8;SE66;SynGAP_E8_Het;TG;SYNGAP1;https://gene.sfari.org/database/human-gene/SYNGAP1
SGE_SS1_SE67;Sample1;SynGAP_E8;SE67;SynGAP_E8_WT;WT;SYNGAP1;https://gene.sfari.org/database/human-gene/SYNGAP1
SGE_SS1_SE68;Sample1;SynGAP_E8;SE68;SynGAP_E8_WT;WT;SYNGAP1;https://gene.sfari.org/database/human-gene/SYNGAP1
SGE_SS1_SE69;Sample1;SynGAP_E8;SE69;SynGAP_E8_Het;TG;SYNGAP1;https://gene.sfari.org/database/human-gene/SYNGAP1
SGE_SS2_SE132;Sample2;SynGAP_E8;SE132;SynGAP_E8_WT;WT;SYNGAP1;https://gene.sfari.org/database/human-gene/SYNGAP1
SGE_SS2_SE133;Sample2;SynGAP_E8;SE133;SynGAP_E8_Het;TG;SYNGAP1;https://gene.sfari.org/database/human-gene/SYNGAP1
SGE_SS2_SE134;Sample2;SynGAP_E8;SE134;SynGAP_E8_Het;TG;SYNGAP1;https://gene.sfari.org/database/human-gene/SYNGAP1
SGE_SS2_SE135;Sample2;SynGAP_E8;SE135;SynGAP_E8_WT;WT;SYNGAP1;https://gene.sfari.org/database/human-gene/SYNGAP1
SGE_SS2_SE137;Sample2;SynGAP_E8;SE137;SynGAP_E8_Het;TG;SYNGAP1;https://gene.sfari.org/database/human-gene/SYNGAP1
SGE_SS2_SE138;Sample2;SynGAP_E8;SE138;SynGAP_E8_Het;TG;SYNGAP1;https://gene.sfari.org/database/human-gene/SYNGAP1
SGE_SS2_SE139;Sample2;SynGAP_E8;SE139;SynGAP_E8_WT;WT;SYNGAP1;https://gene.sfari.org/database/human-gene/SYNGAP1
SGE_SS2_SE140;Sample2;SynGAP_E8;SE140;SynGAP_E8_WT;WT;SYNGAP1;https://gene.sfari.org/database/human-gene/SYNGAP1
SGE_SS2_SE56;Sample2;SynGAP_E8;SE56;SynGAP_E8_WT;WT;SYNGAP1;https://gene.sfari.org/database/human-gene/SYNGAP1
SGE_SS2_SE57;Sample2;SynGAP_E8;SE57;SynGAP_E8_Het;TG;SYNGAP1;https://gene.sfari.org/database/human-gene/SYNGAP1
SGE_SS2_SE58;Sample2;SynGAP_E8;SE58;SynGAP_E8_WT;WT;SYNGAP1;https://gene.sfari.org/database/human-gene/SYNGAP1
SGE_SS2_SE59;Sample2;SynGAP_E8;SE59;SynGAP_E8_Het;TG;SYNGAP1;https://gene.sfari.org/database/human-gene/SYNGAP1
SGE_SS2_SE66;Sample2;SynGAP_E8;SE66;SynGAP_E8_Het;TG;SYNGAP1;https://gene.sfari.org/database/human-gene/SYNGAP1
SGE_SS2_SE67;Sample2;SynGAP_E8;SE67;SynGAP_E8_WT;WT;SYNGAP1;https://gene.sfari.org/database/human-gene/SYNGAP1
SGE_SS2_SE68;Sample2;SynGAP_E8;SE68;SynGAP_E8_WT;WT;SYNGAP1;https://gene.sfari.org/database/human-gene/SYNGAP1
SGE_SS2_SE69;Sample2;SynGAP_E8;SE69;SynGAP_E8_Het;TG;SYNGAP1;https://gene.sfari.org/database/human-gene/SYNGAP1
SGE_SS3_SE132;Sample3;SynGAP_E8;SE132;SynGAP_E8_WT;WT;SYNGAP1;https://gene.sfari.org/database/human-gene/SYNGAP1
SGE_SS3_SE133;Sample3;SynGAP_E8;SE133;SynGAP_E8_Het;TG;SYNGAP1;https://gene.sfari.org/database/human-gene/SYNGAP1
SGE_SS3_SE134;Sample3;SynGAP_E8;SE134;SynGAP_E8_Het;TG;SYNGAP1;https://gene.sfari.org/database/human-gene/SYNGAP1
SGE_SS3_SE135;Sample3;SynGAP_E8;SE135;SynGAP_E8_WT;WT;SYNGAP1;https://gene.sfari.org/database/human-gene/SYNGAP1
SGE_SS3_SE137;Sample3;SynGAP_E8;SE137;SynGAP_E8_Het;TG;SYNGAP1;https://gene.sfari.org/database/human-gene/SYNGAP1
SGE_SS3_SE138;Sample3;SynGAP_E8;SE138;SynGAP_E8_Het;TG;SYNGAP1;https://gene.sfari.org/database/human-gene/SYNGAP1
SGE_SS3_SE139;Sample3;SynGAP_E8;SE139;SynGAP_E8_WT;WT;SYNGAP1;https://gene.sfari.org/database/human-gene/SYNGAP1
SGE_SS3_SE140;Sample3;SynGAP_E8;SE140;SynGAP_E8_WT;WT;SYNGAP1;https://gene.sfari.org/database/human-gene/SYNGAP1
SGE_SS3_SE56;Sample3;SynGAP_E8;SE56;SynGAP_E8_WT;WT;SYNGAP1;https://gene.sfari.org/database/human-gene/SYNGAP1
SGE_SS3_SE57;Sample3;SynGAP_E8;SE57;SynGAP_E8_Het;TG;SYNGAP1;https://gene.sfari.org/database/human-gene/SYNGAP1
SGE_SS3_SE58;Sample3;SynGAP_E8;SE58;SynGAP_E8_WT;WT;SYNGAP1;https://gene.sfari.org/database/human-gene/SYNGAP1
SGE_SS3_SE59;Sample3;SynGAP_E8;SE59;SynGAP_E8_Het;TG;SYNGAP1;https://gene.sfari.org/database/human-gene/SYNGAP1
SGE_SS3_SE66;Sample3;SynGAP_E8;SE66;SynGAP_E8_Het;TG;SYNGAP1;https://gene.sfari.org/database/human-gene/SYNGAP1
SGE_SS3_SE67;Sample3;SynGAP_E8;SE67;SynGAP_E8_WT;WT;SYNGAP1;https://gene.sfari.org/database/human-gene/SYNGAP1
SGE_SS3_SE68;Sample3;SynGAP_E8;SE68;SynGAP_E8_WT;WT;SYNGAP1;https://gene.sfari.org/database/human-gene/SYNGAP1
SGE_SS3_SE69;Sample3;SynGAP_E8;SE69;SynGAP_E8_Het;TG;SYNGAP1;https://gene.sfari.org/database/human-gene/SYNGAP1
SHYB_OLR_B5_SS1_SH71;Sample1;SHYB;SH71;SHYB_SE8;TG;SYNGAP1;https://gene.sfari.org/database/human-gene/SYNGAP1
SHYB_OLR_B5_SS1_SH72;Sample1;SHYB;SH72;SHYB_WT;WT;SYNGAP1;https://gene.sfari.org/database/human-gene/SYNGAP1
SHYB_OLR_B5_SS1_SH73;Sample1;SHYB;SH73;SHYB_WT;WT;SYNGAP1;https://gene.sfari.org/database/human-gene/SYNGAP1
SHYB_OLR_B5_SS1_SH74;Sample1;SHYB;SH74;SHYB_WT;WT;SYNGAP1;https://gene.sfari.org/database/human-gene/SYNGAP1
SHYB_OLR_B5_SS1_SH75;Sample1;SHYB;SH75;SHYB_WT;WT;SYNGAP1;https://gene.sfari.org/database/human-gene/SYNGAP1
SHYB_OLR_B5_SS1_SH76;Sample1;SHYB;SH76;SHYB_GAP;TG;SYNGAP1;https://gene.sfari.org/database/human-gene/SYNGAP1
SHYB_OLR_B5_SS1_SH77;Sample1;SHYB;SH77;SHYB_GAP;TG;SYNGAP1;https://gene.sfari.org/database/human-gene/SYNGAP1
SHYB_OLR_B5_SS2_SH71;Sample2;SHYB;SH71;SHYB_SE8;TG;SYNGAP1;https://gene.sfari.org/database/human-gene/SYNGAP1
SHYB_OLR_B5_SS2_SH72;Sample2;SHYB;SH72;SHYB_WT;WT;SYNGAP1;https://gene.sfari.org/database/human-gene/SYNGAP1
SHYB_OLR_B5_SS2_SH73;Sample2;SHYB;SH73;SHYB_WT;WT;SYNGAP1;https://gene.sfari.org/database/human-gene/SYNGAP1
SHYB_OLR_B5_SS2_SH74;Sample2;SHYB;SH74;SHYB_WT;WT;SYNGAP1;https://gene.sfari.org/database/human-gene/SYNGAP1
SHYB_OLR_B5_SS2_SH75;Sample2;SHYB;SH75;SHYB_WT;WT;SYNGAP1;https://gene.sfari.org/database/human-gene/SYNGAP1
SHYB_OLR_B5_SS2_SH76;Sample2;SHYB;SH76;SHYB_GAP;TG;SYNGAP1;https://gene.sfari.org/database/human-gene/SYNGAP1
SHYB_OLR_B5_SS2_SH77;Sample2;SHYB;SH77;SHYB_GAP;TG;SYNGAP1;https://gene.sfari.org/database/human-gene/SYNGAP1
SHYB_OLR_B5_SS3_SH71;Sample3;SHYB;SH71;SHYB_SE8;TG;SYNGAP1;https://gene.sfari.org/database/human-gene/SYNGAP1
SHYB_OLR_B5_SS3_SH72;Sample3;SHYB;SH72;SHYB_WT;WT;SYNGAP1;https://gene.sfari.org/database/human-gene/SYNGAP1
SHYB_OLR_B5_SS3_SH73;Sample3;SHYB;SH73;SHYB_WT;WT;SYNGAP1;https://gene.sfari.org/database/human-gene/SYNGAP1
SHYB_OLR_B5_SS3_SH74;Sample3;SHYB;SH74;SHYB_WT;WT;SYNGAP1;https://gene.sfari.org/database/human-gene/SYNGAP1
SHYB_OLR_B5_SS3_SH75;Sample3;SHYB;SH75;SHYB_WT;WT;SYNGAP1;https://gene.sfari.org/database/human-gene/SYNGAP1
SHYB_OLR_B5_SS3_SH76;Sample3;SHYB;SH76;SHYB_GAP;TG;SYNGAP1;https://gene.sfari.org/database/human-gene/SYNGAP1
SHYB_OLR_B5_SS3_SH77;Sample3;SHYB;SH77;SHYB_GAP;TG;SYNGAP1;https://gene.sfari.org/database/human-gene/SYNGAP1
SHYB_OLR_B5_T_SH71;Test;SHYB;SH71;SHYB_SE8;TG;SYNGAP1;https://gene.sfari.org/database/human-gene/SYNGAP1
SHYB_OLR_B5_T_SH72;Test;SHYB;SH72;SHYB_WT;WT;SYNGAP1;https://gene.sfari.org/database/human-gene/SYNGAP1
SHYB_OLR_B5_T_SH73;Test;SHYB;SH73;SHYB_WT;WT;SYNGAP1;https://gene.sfari.org/database/human-gene/SYNGAP1
SHYB_OLR_B5_T_SH74;Test;SHYB;SH74;SHYB_WT;WT;SYNGAP1;https://gene.sfari.org/database/human-gene/SYNGAP1
SHYB_OLR_B5_T_SH75;Test;SHYB;SH75;SHYB_WT;WT;SYNGAP1;https://gene.sfari.org/database/human-gene/SYNGAP1
SHYB_OLR_B5_T_SH76;Test;SHYB;SH76;SHYB_GAP;TG;SYNGAP1;https://gene.sfari.org/database/human-gene/SYNGAP1
SHYB_OLR_B5_T_SH77;Test;SHYB;SH77;SHYB_GAP;TG;SYNGAP1;https://gene.sfari.org/database/human-gene/SYNGAP1
SHYB_OLR_Prob_SGH1;Test;SHYB;SGH1;SHYB_SE8;TG;SYNGAP1;https://gene.sfari.org/database/human-gene/SYNGAP1
SHYB_OLR_Prob_SGH10;Test;SHYB;SGH10;SHYB_GAP;TG;SYNGAP1;https://gene.sfari.org/database/human-gene/SYNGAP1
SHYB_OLR_Prob_SGH17;Test;SHYB;SGH17;SHYB_GAP;TG;SYNGAP1;https://gene.sfari.org/database/human-gene/SYNGAP1
SHYB_OLR_Prob_SGH18;Test;SHYB;SGH18;SHYB_WT;WT;SYNGAP1;https://gene.sfari.org/database/human-gene/SYNGAP1
SHYB_OLR_Prob_SGH19;Test;SHYB;SGH19;SHYB_WT;WT;SYNGAP1;https://gene.sfari.org/database/human-gene/SYNGAP1
SHYB_OLR_Prob_SGH2;Test;SHYB;SGH2;SHYB_GAP;TG;SYNGAP1;https://gene.sfari.org/database/human-gene/SYNGAP1
SHYB_OLR_Prob_SGH20;Test;SHYB;SGH20;SHYB_SE8;TG;SYNGAP1;https://gene.sfari.org/database/human-gene/SYNGAP1
SHYB_OLR_Prob_SGH3;Test;SHYB;SGH3;SHYB_SE8;TG;SYNGAP1;https://gene.sfari.org/database/human-gene/SYNGAP1
SHYB_OLR_Prob_SGH36;Test;SHYB;SGH36;SHYB_WT;WT;SYNGAP1;https://gene.sfari.org/database/human-gene/SYNGAP1
SHYB_OLR_Prob_SGH38;Test;SHYB;SGH38;SHYB_GAP;TG;SYNGAP1;https://gene.sfari.org/database/human-gene/SYNGAP1
SHYB_OLR_Prob_SGH39;Test;SHYB;SGH39;SHYB_SE8;TG;SYNGAP1;https://gene.sfari.org/database/human-gene/SYNGAP1
SHYB_OLR_Prob_SGH4;Test;SHYB;SGH4;SHYB_GAP;TG;SYNGAP1;https://gene.sfari.org/database/human-gene/SYNGAP1
SHYB_OLR_Prob_SGH41;Test;SHYB;SGH41;SHYB_GAP;TG;SYNGAP1;https://gene.sfari.org/database/human-gene/SYNGAP1
SHYB_OLR_Prob_SGH42;Test;SHYB;SGH42;SHYB_SE8;TG;SYNGAP1;https://gene.sfari.org/database/human-gene/SYNGAP1
SHYB_OLR_Prob_SGH43;Test;SHYB;SGH43;SHYB_WT;WT;SYNGAP1;https://gene.sfari.org/database/human-gene/SYNGAP1
SHYB_OLR_Prob_SGH44;Test;SHYB;SGH44;SHYB_WT;WT;SYNGAP1;https://gene.sfari.org/database/human-gene/SYNGAP1
SHYB_OLR_Prob_SGH5;Test;SHYB;SGH5;SHYB_SE8;TG;SYNGAP1;https://gene.sfari.org/database/human-gene/SYNGAP1
SHYB_OLR_Prob_SGH6;Test;SHYB;SGH6;SHYB_SE8;TG;SYNGAP1;https://gene.sfari.org/database/human-gene/SYNGAP1
SHYB_OLR_Prob_SGH7;Test;SHYB;SGH7;SHYB_GAP;TG;SYNGAP1;https://gene.sfari.org/database/human-gene/SYNGAP1
SHYB_OLR_Prob_SGH8;Test;SHYB;SGH8;SHYB_GAP;TG;SYNGAP1;https://gene.sfari.org/database/human-gene/SYNGAP1
SHYB_OLR_Prob_SGH9;Test;SHYB;SGH9;SHYB_SE8;TG;SYNGAP1;https://gene.sfari.org/database/human-gene/SYNGAP1
SHYB_OLR_SS1_SGH1;Sample1;SHYB;SGH1;SHYB_SE8;TG;SYNGAP1;https://gene.sfari.org/database/human-gene/SYNGAP1
SHYB_OLR_SS1_SGH10;Sample1;SHYB;SGH10;SHYB_GAP;TG;SYNGAP1;https://gene.sfari.org/database/human-gene/SYNGAP1
SHYB_OLR_SS1_SGH17;Sample1;SHYB;SGH17;SHYB_GAP;TG;SYNGAP1;https://gene.sfari.org/database/human-gene/SYNGAP1
SHYB_OLR_SS1_SGH18;Sample1;SHYB;SGH18;SHYB_WT;WT;SYNGAP1;https://gene.sfari.org/database/human-gene/SYNGAP1
SHYB_OLR_SS1_SGH19;Sample1;SHYB;SGH19;SHYB_WT;WT;SYNGAP1;https://gene.sfari.org/database/human-gene/SYNGAP1
SHYB_OLR_SS1_SGH2;Sample1;SHYB;SGH2;SHYB_GAP;TG;SYNGAP1;https://gene.sfari.org/database/human-gene/SYNGAP1
SHYB_OLR_SS1_SGH20;Sample1;SHYB;SGH20;SHYB_SE8;TG;SYNGAP1;https://gene.sfari.org/database/human-gene/SYNGAP1
SHYB_OLR_SS1_SGH3;Sample1;SHYB;SGH3;SHYB_SE8;TG;SYNGAP1;https://gene.sfari.org/database/human-gene/SYNGAP1
SHYB_OLR_SS1_SGH30;Sample1;SHYB;SGH30;SHYB_SE8;TG;SYNGAP1;https://gene.sfari.org/database/human-gene/SYNGAP1
SHYB_OLR_SS1_SGH31;Sample1;SHYB;SGH31;SHYB_GAP;TG;SYNGAP1;https://gene.sfari.org/database/human-gene/SYNGAP1
SHYB_OLR_SS1_SGH33;Sample1;SHYB;SGH33;SHYB_WT;WT;SYNGAP1;https://gene.sfari.org/database/human-gene/SYNGAP1
SHYB_OLR_SS1_SGH34;Sample1;SHYB;SGH34;SHYB_WT;WT;SYNGAP1;https://gene.sfari.org/database/human-gene/SYNGAP1
SHYB_OLR_SS1_SGH36;Sample1;SHYB;SGH36;SHYB_WT;WT;SYNGAP1;https://gene.sfari.org/database/human-gene/SYNGAP1
SHYB_OLR_SS1_SGH38;Sample1;SHYB;SGH38;SHYB_GAP;TG;SYNGAP1;https://gene.sfari.org/database/human-gene/SYNGAP1
SHYB_OLR_SS1_SGH39;Sample1;SHYB;SGH39;SHYB_SE8;TG;SYNGAP1;https://gene.sfari.org/database/human-gene/SYNGAP1
SHYB_OLR_SS1_SGH4;Sample1;SHYB;SGH4;SHYB_GAP;TG;SYNGAP1;https://gene.sfari.org/database/human-gene/SYNGAP1
SHYB_OLR_SS1_SGH41;Sample1;SHYB;SGH41;SHYB_GAP;TG;SYNGAP1;https://gene.sfari.org/database/human-gene/SYNGAP1
SHYB_OLR_SS1_SGH42;Sample1;SHYB;SGH42;SHYB_SE8;TG;SYNGAP1;https://gene.sfari.org/database/human-gene/SYNGAP1
SHYB_OLR_SS1_SGH43;Sample1;SHYB;SGH43;SHYB_WT;WT;SYNGAP1;https://gene.sfari.org/database/human-gene/SYNGAP1
SHYB_OLR_SS1_SGH44;Sample1;SHYB;SGH44;SHYB_WT;WT;SYNGAP1;https://gene.sfari.org/database/human-gene/SYNGAP1
SHYB_OLR_SS1_SGH5;Sample1;SHYB;SGH5;SHYB_SE8;TG;SYNGAP1;https://gene.sfari.org/database/human-gene/SYNGAP1
SHYB_OLR_SS1_SGH53;Sample1;SHYB;SGH53;SHYB_GAP;TG;SYNGAP1;https://gene.sfari.org/database/human-gene/SYNGAP1
SHYB_OLR_SS1_SGH54;Sample1;SHYB;SGH54;SHYB_GAP;TG;SYNGAP1;https://gene.sfari.org/database/human-gene/SYNGAP1
SHYB_OLR_SS1_SGH55;Sample1;SHYB;SGH55;SHYB_SE8;TG;SYNGAP1;https://gene.sfari.org/database/human-gene/SYNGAP1
SHYB_OLR_SS1_SGH56;Sample1;SHYB;SGH56;SHYB_SE8;TG;SYNGAP1;https://gene.sfari.org/database/human-gene/SYNGAP1
SHYB_OLR_SS1_SGH57;Sample1;SHYB;SGH57;SHYB_GAP;TG;SYNGAP1;https://gene.sfari.org/database/human-gene/SYNGAP1
SHYB_OLR_SS1_SGH58;Sample1;SHYB;SGH58;SHYB_GAP;TG;SYNGAP1;https://gene.sfari.org/database/human-gene/SYNGAP1
SHYB_OLR_SS1_SGH59;Sample1;SHYB;SGH59;SHYB_SE8;TG;SYNGAP1;https://gene.sfari.org/database/human-gene/SYNGAP1
SHYB_OLR_SS1_SGH6;Sample1;SHYB;SGH6;SHYB_SE8;TG;SYNGAP1;https://gene.sfari.org/database/human-gene/SYNGAP1
SHYB_OLR_SS1_SGH60;Sample1;SHYB;SGH60;SHYB_GAP;TG;SYNGAP1;https://gene.sfari.org/database/human-gene/SYNGAP1
SHYB_OLR_SS1_SGH61;Sample1;SHYB;SGH61;SHYB_WT;WT;SYNGAP1;https://gene.sfari.org/database/human-gene/SYNGAP1
SHYB_OLR_SS1_SGH62;Sample1;SHYB;SGH62;SHYB_WT;WT;SYNGAP1;https://gene.sfari.org/database/human-gene/SYNGAP1
SHYB_OLR_SS1_SGH63;Sample1;SHYB;SGH63;SHYB_WT;WT;SYNGAP1;https://gene.sfari.org/database/human-gene/SYNGAP1
SHYB_OLR_SS1_SGH7;Sample1;SHYB;SGH7;SHYB_GAP;TG;SYNGAP1;https://gene.sfari.org/database/human-gene/SYNGAP1
SHYB_OLR_SS1_SGH8;Sample1;SHYB;SGH8;SHYB_GAP;TG;SYNGAP1;https://gene.sfari.org/database/human-gene/SYNGAP1
SHYB_OLR_SS1_SGH9;Sample1;SHYB;SGH9;SHYB_SE8;TG;SYNGAP1;https://gene.sfari.org/database/human-gene/SYNGAP1
SHYB_OLR_SS2_SGH1;Sample2;SHYB;SGH1;SHYB_SE8;TG;SYNGAP1;https://gene.sfari.org/database/human-gene/SYNGAP1
SHYB_OLR_SS2_SGH10;Sample2;SHYB;SGH10;SHYB_GAP;TG;SYNGAP1;https://gene.sfari.org/database/human-gene/SYNGAP1
SHYB_OLR_SS2_SGH17;Sample2;SHYB;SGH17;SHYB_GAP;TG;SYNGAP1;https://gene.sfari.org/database/human-gene/SYNGAP1
SHYB_OLR_SS2_SGH18;Sample2;SHYB;SGH18;SHYB_WT;WT;SYNGAP1;https://gene.sfari.org/database/human-gene/SYNGAP1
SHYB_OLR_SS2_SGH19;Sample2;SHYB;SGH19;SHYB_WT;WT;SYNGAP1;https://gene.sfari.org/database/human-gene/SYNGAP1
SHYB_OLR_SS2_SGH2;Sample2;SHYB;SGH2;SHYB_GAP;TG;SYNGAP1;https://gene.sfari.org/database/human-gene/SYNGAP1
SHYB_OLR_SS2_SGH20;Sample2;SHYB;SGH20;SHYB_SE8;TG;SYNGAP1;https://gene.sfari.org/database/human-gene/SYNGAP1
SHYB_OLR_SS2_SGH3;Sample2;SHYB;SGH3;SHYB_SE8;TG;SYNGAP1;https://gene.sfari.org/database/human-gene/SYNGAP1
SHYB_OLR_SS2_SGH30;Sample2;SHYB;SGH30;SHYB_SE8;TG;SYNGAP1;https://gene.sfari.org/database/human-gene/SYNGAP1
SHYB_OLR_SS2_SGH31;Sample2;SHYB;SGH31;SHYB_GAP;TG;SYNGAP1;https://gene.sfari.org/database/human-gene/SYNGAP1
SHYB_OLR_SS2_SGH33;Sample2;SHYB;SGH33;SHYB_WT;WT;SYNGAP1;https://gene.sfari.org/database/human-gene/SYNGAP1
SHYB_OLR_SS2_SGH34;Sample2;SHYB;SGH34;SHYB_WT;WT;SYNGAP1;https://gene.sfari.org/database/human-gene/SYNGAP1
SHYB_OLR_SS2_SGH36;Sample2;SHYB;SGH36;SHYB_WT;WT;SYNGAP1;https://gene.sfari.org/database/human-gene/SYNGAP1
SHYB_OLR_SS2_SGH38;Sample2;SHYB;SGH38;SHYB_GAP;TG;SYNGAP1;https://gene.sfari.org/database/human-gene/SYNGAP1
SHYB_OLR_SS2_SGH39;Sample2;SHYB;SGH39;SHYB_SE8;TG;SYNGAP1;https://gene.sfari.org/database/human-gene/SYNGAP1
SHYB_OLR_SS2_SGH4;Sample2;SHYB;SGH4;SHYB_GAP;TG;SYNGAP1;https://gene.sfari.org/database/human-gene/SYNGAP1
SHYB_OLR_SS2_SGH41;Sample2;SHYB;SGH41;SHYB_GAP;TG;SYNGAP1;https://gene.sfari.org/database/human-gene/SYNGAP1
SHYB_OLR_SS2_SGH42;Sample2;SHYB;SGH42;SHYB_SE8;TG;SYNGAP1;https://gene.sfari.org/database/human-gene/SYNGAP1
SHYB_OLR_SS2_SGH43;Sample2;SHYB;SGH43;SHYB_WT;WT;SYNGAP1;https://gene.sfari.org/database/human-gene/SYNGAP1
SHYB_OLR_SS2_SGH44;Sample2;SHYB;SGH44;SHYB_WT;WT;SYNGAP1;https://gene.sfari.org/database/human-gene/SYNGAP1
SHYB_OLR_SS2_SGH5;Sample2;SHYB;SGH5;SHYB_SE8;TG;SYNGAP1;https://gene.sfari.org/database/human-gene/SYNGAP1
SHYB_OLR_SS2_SGH53;Sample2;SHYB;SGH53;SHYB_GAP;TG;SYNGAP1;https://gene.sfari.org/database/human-gene/SYNGAP1
SHYB_OLR_SS2_SGH54;Sample2;SHYB;SGH54;SHYB_GAP;TG;SYNGAP1;https://gene.sfari.org/database/human-gene/SYNGAP1
SHYB_OLR_SS2_SGH55;Sample2;SHYB;SGH55;SHYB_SE8;TG;SYNGAP1;https://gene.sfari.org/database/human-gene/SYNGAP1
SHYB_OLR_SS2_SGH56;Sample2;SHYB;SGH56;SHYB_SE8;TG;SYNGAP1;https://gene.sfari.org/database/human-gene/SYNGAP1
SHYB_OLR_SS2_SGH57;Sample2;SHYB;SGH57;SHYB_GAP;TG;SYNGAP1;https://gene.sfari.org/database/human-gene/SYNGAP1
SHYB_OLR_SS2_SGH58;Sample2;SHYB;SGH58;SHYB_GAP;TG;SYNGAP1;https://gene.sfari.org/database/human-gene/SYNGAP1
SHYB_OLR_SS2_SGH59;Sample2;SHYB;SGH59;SHYB_SE8;TG;SYNGAP1;https://gene.sfari.org/database/human-gene/SYNGAP1
SHYB_OLR_SS2_SGH6;Sample2;SHYB;SGH6;SHYB_SE8;TG;SYNGAP1;https://gene.sfari.org/database/human-gene/SYNGAP1
SHYB_OLR_SS2_SGH60;Sample2;SHYB;SGH60;SHYB_GAP;TG;SYNGAP1;https://gene.sfari.org/database/human-gene/SYNGAP1
SHYB_OLR_SS2_SGH61;Sample2;SHYB;SGH61;SHYB_WT;WT;SYNGAP1;https://gene.sfari.org/database/human-gene/SYNGAP1
SHYB_OLR_SS2_SGH62;Sample2;SHYB;SGH62;SHYB_WT;WT;SYNGAP1;https://gene.sfari.org/database/human-gene/SYNGAP1
SHYB_OLR_SS2_SGH63;Sample2;SHYB;SGH63;SHYB_WT;WT;SYNGAP1;https://gene.sfari.org/database/human-gene/SYNGAP1
SHYB_OLR_SS2_SGH7;Sample2;SHYB;SGH7;SHYB_GAP;TG;SYNGAP1;https://gene.sfari.org/database/human-gene/SYNGAP1
SHYB_OLR_SS2_SGH8;Sample2;SHYB;SGH8;SHYB_GAP;TG;SYNGAP1;https://gene.sfari.org/database/human-gene/SYNGAP1
SHYB_OLR_SS2_SGH9;Sample2;SHYB;SGH9;SHYB_SE8;TG;SYNGAP1;https://gene.sfari.org/database/human-gene/SYNGAP1
SHYB_OLR_SS3_SGH1;Sample3;SHYB;SGH1;SHYB_SE8;TG;SYNGAP1;https://gene.sfari.org/database/human-gene/SYNGAP1
SHYB_OLR_SS3_SGH10;Sample3;SHYB;SGH10;SHYB_GAP;TG;SYNGAP1;https://gene.sfari.org/database/human-gene/SYNGAP1
SHYB_OLR_SS3_SGH17;Sample3;SHYB;SGH17;SHYB_GAP;TG;SYNGAP1;https://gene.sfari.org/database/human-gene/SYNGAP1
SHYB_OLR_SS3_SGH18;Sample3;SHYB;SGH18;SHYB_WT;WT;SYNGAP1;https://gene.sfari.org/database/human-gene/SYNGAP1
SHYB_OLR_SS3_SGH19;Sample3;SHYB;SGH19;SHYB_WT;WT;SYNGAP1;https://gene.sfari.org/database/human-gene/SYNGAP1
SHYB_OLR_SS3_SGH2;Sample3;SHYB;SGH2;SHYB_GAP;TG;SYNGAP1;https://gene.sfari.org/database/human-gene/SYNGAP1
SHYB_OLR_SS3_SGH20;Sample3;SHYB;SGH20;SHYB_SE8;TG;SYNGAP1;https://gene.sfari.org/database/human-gene/SYNGAP1
SHYB_OLR_SS3_SGH3;Sample3;SHYB;SGH3;SHYB_SE8;TG;SYNGAP1;https://gene.sfari.org/database/human-gene/SYNGAP1
SHYB_OLR_SS3_SGH30;Sample3;SHYB;SGH30;SHYB_SE8;TG;SYNGAP1;https://gene.sfari.org/database/human-gene/SYNGAP1
SHYB_OLR_SS3_SGH31;Sample3;SHYB;SGH31;SHYB_GAP;TG;SYNGAP1;https://gene.sfari.org/database/human-gene/SYNGAP1
SHYB_OLR_SS3_SGH33;Sample3;SHYB;SGH33;SHYB_WT;WT;SYNGAP1;https://gene.sfari.org/database/human-gene/SYNGAP1
SHYB_OLR_SS3_SGH34;Sample3;SHYB;SGH34;SHYB_WT;WT;SYNGAP1;https://gene.sfari.org/database/human-gene/SYNGAP1
SHYB_OLR_SS3_SGH36;Sample3;SHYB;SGH36;SHYB_WT;WT;SYNGAP1;https://gene.sfari.org/database/human-gene/SYNGAP1
SHYB_OLR_SS3_SGH38;Sample3;SHYB;SGH38;SHYB_GAP;TG;SYNGAP1;https://gene.sfari.org/database/human-gene/SYNGAP1
SHYB_OLR_SS3_SGH39;Sample3;SHYB;SGH39;SHYB_SE8;TG;SYNGAP1;https://gene.sfari.org/database/human-gene/SYNGAP1
SHYB_OLR_SS3_SGH4;Sample3;SHYB;SGH4;SHYB_GAP;TG;SYNGAP1;https://gene.sfari.org/database/human-gene/SYNGAP1
SHYB_OLR_SS3_SGH41;Sample3;SHYB;SGH41;SHYB_GAP;TG;SYNGAP1;https://gene.sfari.org/database/human-gene/SYNGAP1
SHYB_OLR_SS3_SGH42;Sample3;SHYB;SGH42;SHYB_SE8;TG;SYNGAP1;https://gene.sfari.org/database/human-gene/SYNGAP1
SHYB_OLR_SS3_SGH43;Sample3;SHYB;SGH43;SHYB_WT;WT;SYNGAP1;https://gene.sfari.org/database/human-gene/SYNGAP1
SHYB_OLR_SS3_SGH44;Sample3;SHYB;SGH44;SHYB_WT;WT;SYNGAP1;https://gene.sfari.org/database/human-gene/SYNGAP1
SHYB_OLR_SS3_SGH5;Sample3;SHYB;SGH5;SHYB_SE8;TG;SYNGAP1;https://gene.sfari.org/database/human-gene/SYNGAP1
SHYB_OLR_SS3_SGH53;Sample3;SHYB;SGH53;SHYB_GAP;TG;SYNGAP1;https://gene.sfari.org/database/human-gene/SYNGAP1
SHYB_OLR_SS3_SGH54;Sample3;SHYB;SGH54;SHYB_GAP;TG;SYNGAP1;https://gene.sfari.org/database/human-gene/SYNGAP1
SHYB_OLR_SS3_SGH55;Sample3;SHYB;SGH55;SHYB_SE8;TG;SYNGAP1;https://gene.sfari.org/database/human-gene/SYNGAP1
SHYB_OLR_SS3_SGH56;Sample3;SHYB;SGH56;SHYB_SE8;TG;SYNGAP1;https://gene.sfari.org/database/human-gene/SYNGAP1
SHYB_OLR_SS3_SGH57;Sample3;SHYB;SGH57;SHYB_GAP;TG;SYNGAP1;https://gene.sfari.org/database/human-gene/SYNGAP1
SHYB_OLR_SS3_SGH58;Sample3;SHYB;SGH58;SHYB_GAP;TG;SYNGAP1;https://gene.sfari.org/database/human-gene/SYNGAP1
SHYB_OLR_SS3_SGH59;Sample3;SHYB;SGH59;SHYB_SE8;TG;SYNGAP1;https://gene.sfari.org/database/human-gene/SYNGAP1
SHYB_OLR_SS3_SGH6;Sample3;SHYB;SGH6;SHYB_SE8;TG;SYNGAP1;https://gene.sfari.org/database/human-gene/SYNGAP1
SHYB_OLR_SS3_SGH60;Sample3;SHYB;SGH60;SHYB_GAP;TG;SYNGAP1;https://gene.sfari.org/database/human-gene/SYNGAP1
SHYB_OLR_SS3_SGH61;Sample3;SHYB;SGH61;SHYB_WT;WT;SYNGAP1;https://gene.sfari.org/database/human-gene/SYNGAP1
SHYB_OLR_SS3_SGH62;Sample3;SHYB;SGH62;SHYB_WT;WT;SYNGAP1;https://gene.sfari.org/database/human-gene/SYNGAP1
SHYB_OLR_SS3_SGH63;Sample3;SHYB;SGH63;SHYB_WT;WT;SYNGAP1;https://gene.sfari.org/database/human-gene/SYNGAP1
SHYB_OLR_SS3_SGH7;Sample3;SHYB;SGH7;SHYB_GAP;TG;SYNGAP1;https://gene.sfari.org/database/human-gene/SYNGAP1
SHYB_OLR_SS3_SGH8;Sample3;SHYB;SGH8;SHYB_GAP;TG;SYNGAP1;https://gene.sfari.org/database/human-gene/SYNGAP1
SHYB_OLR_SS3_SGH9;Sample3;SHYB;SGH9;SHYB_SE8;TG;SYNGAP1;https://gene.sfari.org/database/human-gene/SYNGAP1
SHYB_OLR_T_SGH30;Test;SHYB;SGH30;SHYB_SE8;TG;SYNGAP1;https://gene.sfari.org/database/human-gene/SYNGAP1
SHYB_OLR_T_SGH31;Test;SHYB;SGH31;SHYB_GAP;TG;SYNGAP1;https://gene.sfari.org/database/human-gene/SYNGAP1
SHYB_OLR_T_SGH33;Test;SHYB;SGH33;SHYB_WT;WT;SYNGAP1;https://gene.sfari.org/database/human-gene/SYNGAP1
SHYB_OLR_T_SGH34;Test;SHYB;SGH34;SHYB_WT;WT;SYNGAP1;https://gene.sfari.org/database/human-gene/SYNGAP1
SHYB_OLR_T_SGH53;Test;SHYB;SGH53;SHYB_GAP;TG;SYNGAP1;https://gene.sfari.org/database/human-gene/SYNGAP1
SHYB_OLR_T_SGH54;Test;SHYB;SGH54;SHYB_GAP;TG;SYNGAP1;https://gene.sfari.org/database/human-gene/SYNGAP1
SHYB_OLR_T_SGH55;Test;SHYB;SGH55;SHYB_SE8;TG;SYNGAP1;https://gene.sfari.org/database/human-gene/SYNGAP1
SHYB_OLR_T_SGH56;Test;SHYB;SGH56;SHYB_SE8;TG;SYNGAP1;https://gene.sfari.org/database/human-gene/SYNGAP1
SHYB_OLR_T_SGH57;Test;SHYB;SGH57;SHYB_GAP;TG;SYNGAP1;https://gene.sfari.org/database/human-gene/SYNGAP1
SHYB_OLR_T_SGH58;Test;SHYB;SGH58;SHYB_GAP;TG;SYNGAP1;https://gene.sfari.org/database/human-gene/SYNGAP1
SHYB_OLR_T_SGH59;Test;SHYB;SGH59;SHYB_SE8;TG;SYNGAP1;https://gene.sfari.org/database/human-gene/SYNGAP1
SHYB_OLR_T_SGH60;Test;SHYB;SGH60;SHYB_GAP;TG;SYNGAP1;https://gene.sfari.org/database/human-gene/SYNGAP1
SHYB_OLR_T_SGH61;Test;SHYB;SGH61;SHYB_WT;WT;SYNGAP1;https://gene.sfari.org/database/human-gene/SYNGAP1
SHYB_OLR_T_SGH62;Test;SHYB;SGH62;SHYB_WT;WT;SYNGAP1;https://gene.sfari.org/database/human-gene/SYNGAP1
SHYB_OLR_T_SGH63;Test;SHYB;SGH63;SHYB_WT;WT;SYNGAP1;https://gene.sfari.org/database/human-gene/SYNGAP1
